"""ORIGIN"",""-425"",""36"",""-2035"",""0"",""-90"",""0"""
"""ROOT"",""-390.445361"",""27.333223"",""-2061.09819"",""0.790998"",""-0.611479"",""0.020401"""
"""NODE"",""-390.449982"",""27.331612"",""-2060.59823"",""0.771047"",""-0.636704"",""-0.009658"""
"""NODE"",""-390.442674"",""27.321336"",""-2060.098407"",""0.746879"",""-0.663812"",""-0.039062"""
"""NODE"",""-390.423468"",""27.302604"",""-2059.599147"",""0.718152"",""-0.692553"",""-0.068031"""
"""NODE"",""-390.392384"",""27.275391"",""-2059.100875"",""0.684361"",""-0.722713"",""-0.096621"""
"""NODE"",""-390.349792"",""27.239214"",""-2058.604024"",""0.64524"",""-0.753734"",""-0.124702"""
"""NODE"",""-390.296338"",""27.193414"",""-2058.109021"",""0.60065"",""-0.784933"",""-0.151984"""
"""NODE"",""-390.232896"",""27.137234"",""-2057.616273"",""0.550664"",""-0.815364"",""-0.178748"""
"""NODE"",""-390.160153"",""27.069734"",""-2057.126241"",""0.495407"",""-0.84408"",""-0.205185"""
"""NODE"",""-390.078693"",""26.990104"",""-2056.639411"",""0.435028"",""-0.870296"",""-0.230945"""
"""NODE"",""-389.989225"",""26.897627"",""-2056.156271"",""0.369779"",""-0.893253"",""-0.255662"""
"""NODE"",""-389.892624"",""26.791619"",""-2055.677303"",""0.300042"",""-0.912199"",""-0.279048"""
"""NODE"",""-389.789921"",""26.671425"",""-2055.20298"",""0.226332"",""-0.926417"",""-0.300873"""
"""NODE"",""-389.682288"",""26.536432"",""-2054.733759"",""0.149278"",""-0.935253"",""-0.320963"""
"""NODE"",""-389.570994"",""26.38609"",""-2054.270093"",""0.069596"",""-0.938199"",""-0.339026"""
"""NODE"",""-389.457468"",""26.21992"",""-2053.812408"",""-0.01186"",""-0.934724"",""-0.355176"""
"""NODE"",""-389.342864"",""26.037714"",""-2053.361139"",""-0.094376"",""-0.924771"",""-0.368635"""
"""NODE"",""-389.228533"",""25.839414"",""-2052.916639"",""-0.177074"",""-0.908209"",""-0.379211"""
"""NODE"",""-389.115822"",""25.625154"",""-2052.47919"",""-0.259086"",""-0.885088"",""-0.386645"""
"""NODE"",""-389.006077"",""25.395247"",""-2052.04899"",""-0.339539"",""-0.85559"",""-0.390741"""
"""NODE"",""-388.900614"",""25.150178"",""-2051.62615"",""-0.417587"",""-0.820031"",""-0.391369"""
"""NODE"",""-388.800683"",""24.890598"",""-2051.210689"",""-0.492428"",""-0.778848"",""-0.388473"""
"""NODE"",""-388.707443"",""24.617303"",""-2050.80253"",""-0.563326"",""-0.732589"",""-0.382069"""
"""NODE"",""-388.621915"",""24.331215"",""-2050.401509"",""-0.629643"",""-0.681919"",""-0.372203"""
"""NODE"",""-388.544925"",""24.033404"",""-2050.007352"",""-0.690872"",""-0.627635"",""-0.358846"""
"""NODE"",""-388.47717"",""23.725075"",""-2049.619637"",""-0.746583"",""-0.570486"",""-0.342285"""
"""NODE"",""-388.419043"",""23.407317"",""-2049.238019"",""-0.796561"",""-0.511148"",""-0.32283"""
"""NODE"",""-388.370768"",""23.08113"",""-2048.862179"",""-0.840716"",""-0.450258"",""-0.300771"""
"""NODE"",""-388.332461"",""22.747472"",""-2048.491787"",""-0.879045"",""-0.388449"",""-0.276381"""
"""NODE"",""-388.304143"",""22.407268"",""-2048.126484"",""-0.911618"",""-0.326328"",""-0.249925"""
"""NODE"",""-388.285739"",""22.061425"",""-2047.765869"",""-0.938582"",""-0.264532"",""-0.221557"""
"""NODE"",""-388.277142"",""21.710959"",""-2047.409374"",""-0.960094"",""-0.203353"",""-0.19201"""
"""NODE"",""-388.278229"",""21.356768"",""-2047.056475"",""-0.976403"",""-0.143357"",""-0.161512"""
"""NODE"",""-388.288844"",""20.99974"",""-2046.706604"",""-0.9878"",""-0.084846"",""-0.130581"""
"""NODE"",""-388.308785"",""20.640719"",""-2046.359186"",""-0.994627"",""-0.028118"",""-0.099629"""
"""NODE"",""-388.337816"",""20.28051"",""-2046.013644"",""-0.997257"",""0.026584"",""-0.069072"""
"""NODE"",""-388.375676"",""19.919878"",""-2045.669399"",""-0.996089"",""0.079089"",""-0.039401"""
"""NODE"",""-388.42214"",""19.55956"",""-2045.325879"",""-0.991535"",""0.129382"",""-0.010918"""
"""NODE"",""-388.477111"",""19.200407"",""-2044.982395"",""-0.983991"",""0.177542"",""0.015515"""
"""NODE"",""-388.540545"",""18.843193"",""-2044.638349"",""-0.973884"",""0.223544"",""0.039712"""
"""NODE"",""-388.612377"",""18.48867"",""-2044.293173"",""-0.961626"",""0.267393"",""0.061458"""
"""NODE"",""-388.69254"",""18.137557"",""-2043.94635"",""-0.947605"",""0.309119"",""0.080566"""
"""NODE"",""-388.780986"",""17.790542"",""-2043.597423"",""-0.932184"",""0.348787"",""0.096855"""
"""NODE"",""-388.877702"",""17.448274"",""-2043.246011"",""-0.915703"",""0.386437"",""0.110252"""
"""NODE"",""-388.982678"",""17.111386"",""-2042.891782"",""-0.898469"",""0.422131"",""0.120662"""
"""NODE"",""-389.095938"",""16.78051"",""-2042.534454"",""-0.88075"",""0.455955"",""0.128004"""
"""NODE"",""-389.217555"",""16.456266"",""-2042.17381"",""-0.862774"",""0.487991"",""0.132238"""
"""NODE"",""-389.347701"",""16.139183"",""-2041.809794"",""-0.844683"",""0.518368"",""0.133438"""
"""NODE"",""-389.486605"",""15.82976"",""-2041.442439"",""-0.826563"",""0.547216"",""0.131712"""
"""NODE"",""-389.634469"",""15.52842"",""-2041.071875"",""-0.808543"",""0.574436"",""0.1276"""
"""NODE"",""-389.791387"",""15.23554"",""-2040.698264"",""-0.790672"",""0.600128"",""0.121174"""
"""NODE"",""-389.957474"",""14.951502"",""-2040.321802"",""-0.772958"",""0.624393"",""0.112562"""
"""NODE"",""-390.132861"",""14.676714"",""-2039.942704"",""-0.75538"",""0.647321"",""0.10187"""
"""NODE"",""-390.31767"",""14.411586"",""-2039.561213"",""-0.737918"",""0.668965"",""0.089236"""
"""NODE"",""-390.511997"",""14.156518"",""-2039.177598"",""-0.720595"",""0.689296"",""0.07493"""
"""NODE"",""-390.715887"",""13.911868"",""-2038.792164"",""-0.703354"",""0.708388"",""0.058996"""
"""NODE"",""-390.929349"",""13.67784"",""-2038.40532"",""-0.686312"",""0.726098"",""0.041927"""
"""NODE"",""-391.15234"",""13.454611"",""-2038.017472"",""-0.66943"",""0.742494"",""0.023806"""
"""NODE"",""-391.384795"",""13.242336"",""-2037.629032"",""-0.652673"",""0.757625"",""0.004747"""
"""NODE"",""-391.626638"",""13.041164"",""-2037.240415"",""-0.635986"",""0.771551"",""-0.015168"""
"""NODE"",""-391.8778"",""12.851254"",""-2036.852041"",""-0.619282"",""0.784348"",""-0.035894"""
"""NODE"",""-392.138224"",""12.672779"",""-2036.464343"",""-0.602501"",""0.796055"",""-0.057345"""
"""NODE"",""-392.407827"",""12.50583"",""-2036.07779"",""-0.58575"",""0.806615"",""-0.079174"""
"""NODE"",""-392.686445"",""12.350359"",""-2035.692846"",""-0.569055"",""0.81605"",""-0.101185"""
"""NODE"",""-392.973879"",""12.206267"",""-2035.30996"",""-0.55242"",""0.824406"",""-0.123237"""
"""NODE"",""-393.269919"",""12.073441"",""-2034.929563"",""-0.535797"",""0.831758"",""-0.145255"""
"""NODE"",""-393.574368"",""11.951771"",""-2034.552083"",""-0.519096"",""0.838199"",""-0.167217"""
"""NODE"",""-393.887059"",""11.841178"",""-2034.177951"",""-0.502178"",""0.843827"",""-0.189141"""
"""NODE"",""-394.207869"",""11.741635"",""-2033.807607"",""-0.484969"",""0.848704"",""-0.210966"""
"""NODE"",""-394.536641"",""11.653079"",""-2033.441478"",""-0.467548"",""0.852857"",""-0.232453"""
"""NODE"",""-394.873066"",""11.575235"",""-2033.079892"",""-0.45014"",""0.856296"",""-0.253243"""
"""NODE"",""-395.216887"",""11.507869"",""-2032.723194"",""-0.432517"",""0.859155"",""-0.273463"""
"""NODE"",""-395.567861"",""11.450845"",""-2032.371699"",""-0.414569"",""0.861505"",""-0.293158"""
"""NODE"",""-395.925724"",""11.404099"",""-2032.025674"",""-0.396279"",""0.863368"",""-0.312345"""
"""NODE"",""-396.290206"",""11.36756"",""-2031.685376"",""-0.377701"",""0.864752"",""-0.330976"""
"""NODE"",""-396.66102"",""11.341107"",""-2031.351034"",""-0.359031"",""0.865664"",""-0.348887"""
"""NODE"",""-397.037847"",""11.324565"",""-2031.022837"",""-0.340016"",""0.866144"",""-0.366312"""
"""NODE"",""-397.420414"",""11.317915"",""-2030.700993"",""-0.320662"",""0.866197"",""-0.383248"""
"""NODE"",""-397.808457"",""11.321186"",""-2030.38572"",""-0.300892"",""0.865827"",""-0.399759"""
"""NODE"",""-398.201707"",""11.334398"",""-2030.077232"",""-0.280735"",""0.865034"",""-0.415817"""
"""NODE"",""-398.599885"",""11.357557"",""-2029.775729"",""-0.260232"",""0.863821"",""-0.431385"""
"""NODE"",""-399.002699"",""11.390641"",""-2029.481394"",""-0.23945"",""0.862194"",""-0.446414"""
"""NODE"",""-399.409845"",""11.433599"",""-2029.194387"",""-0.218346"",""0.860154"",""-0.460935"""
"""NODE"",""-399.821063"",""11.486504"",""-2028.914949"",""-0.196591"",""0.857652"",""-0.475169"""
"""NODE"",""-400.236116"",""11.549523"",""-2028.643391"",""-0.174212"",""0.85467"",""-0.489069"""
"""NODE"",""-400.654725"",""11.622731"",""-2028.379968"",""-0.151394"",""0.851221"",""-0.502496"""
"""NODE"",""-401.076583"",""11.706136"",""-2028.124892"",""-0.128226"",""0.847312"",""-0.515384"""
"""NODE"",""-401.501375"",""11.799726"",""-2027.878359"",""-0.104712"",""0.842938"",""-0.527722"""
"""NODE"",""-401.928786"",""11.903505"",""-2027.64059"",""-0.080917"",""0.838112"",""-0.539463"""
"""NODE"",""-402.358498"",""12.017508"",""-2027.411824"",""-0.05636"",""0.832688"",""-0.550867"""
"""NODE"",""-402.790186"",""12.141775"",""-2027.19231"",""-0.031548"",""0.826789"",""-0.561626"""
"""NODE"",""-403.223502"",""12.276331"",""-2026.982275"",""-0.006284"",""0.820343"",""-0.571837"""
"""NODE"",""-403.658094"",""12.421213"",""-2026.78197"",""0.019444"",""0.813324"",""-0.581486"""
"""NODE"",""-404.093595"",""12.576462"",""-2026.591655"",""0.045649"",""0.805706"",""-0.590554"""
"""NODE"",""-404.529626"",""12.742116"",""-2026.411602"",""0.072325"",""0.797463"",""-0.599018"""
"""NODE"",""-404.965788"",""12.918203"",""-2026.242079"",""0.099682"",""0.788472"",""-0.606939"""
"""NODE"",""-405.401678"",""13.104727"",""-2026.08337"",""0.126879"",""0.779086"",""-0.613943"""
"""NODE"",""-405.83687"",""13.301608"",""-2025.935636"",""0.154552"",""0.768998"",""-0.620286"""
"""NODE"",""-406.270934"",""13.508786"",""-2025.799085"",""0.182501"",""0.758279"",""-0.625864"""
"""NODE"",""-406.703421"",""13.726218"",""-2025.673945"",""0.210763"",""0.746884"",""-0.630669"""
"""NODE"",""-407.133864"",""13.953853"",""-2025.560452"",""0.239295"",""0.734806"",""-0.634664"""
"""NODE"",""-407.561789"",""14.191608"",""-2025.458814"",""0.267983"",""0.722083"",""-0.637794"""
"""NODE"",""-407.986731"",""14.439334"",""-2025.369178"",""0.2966"",""0.708834"",""-0.639987"""
"""NODE"",""-408.408235"",""14.696822"",""-2025.291626"",""0.325175"",""0.695027"",""-0.641248"""
"""NODE"",""-408.825863"",""14.963822"",""-2025.226221"",""0.353483"",""0.680803"",""-0.641527"""
"""NODE"",""-409.23913"",""15.240123"",""-2025.172868"",""0.381435"",""0.66615"",""-0.640899"""
"""NODE"",""-409.647528"",""15.525546"",""-2025.13136"",""0.40892"",""0.651018"",""-0.639499"""
"""NODE"",""-410.050558"",""15.819915"",""-2025.101472"",""0.435876"",""0.635324"",""-0.637476"""
"""NODE"",""-410.447723"",""16.123065"",""-2025.082992"",""0.462288"",""0.618945"",""-0.634978"""
"""NODE"",""-410.838515"",""16.43485"",""-2025.075737"",""0.488066"",""0.601813"",""-0.632149"""
"""NODE"",""-411.222531"",""16.755002"",""-2025.079425"",""0.512658"",""0.58428"",""-0.629125"""
"""NODE"",""-411.599493"",""17.083147"",""-2025.093629"",""0.535994"",""0.566314"",""-0.626098"""
"""NODE"",""-411.969136"",""17.418938"",""-2025.117939"",""0.558063"",""0.547834"",""-0.623253"""
"""NODE"",""-412.331208"",""17.762058"",""-2025.15196"",""0.578843"",""0.528755"",""-0.620773"""
"""NODE"",""-412.68547"",""18.112207"",""-2025.195289"",""0.598274"",""0.509024"",""-0.61884"""
"""NODE"",""-413.031715"",""18.469098"",""-2025.247509"",""0.616233"",""0.48864"",""-0.617647"""
"""NODE"",""-413.369775"",""18.832444"",""-2025.308178"",""0.632712"",""0.467488"",""-0.617358"""
"""NODE"",""-413.699554"",""19.20192"",""-2025.376883"",""0.647427"",""0.445716"",""-0.618204"""
"""NODE"",""-414.021066"",""19.577153"",""-2025.453154"",""0.6602"",""0.42337"",""-0.620399"""
"""NODE"",""-414.334386"",""19.957789"",""-2025.536433"",""0.670885"",""0.400434"",""-0.624152"""
"""NODE"",""-414.6396"",""20.343515"",""-2025.626147"",""0.679416"",""0.376773"",""-0.629631"""
"""NODE"",""-414.936767"",""20.734077"",""-2025.721768"",""0.685768"",""0.35216"",""-0.636951"""
"""NODE"",""-415.225891"",""21.129271"",""-2025.822857"",""0.689936"",""0.326289"",""-0.646161"""
"""NODE"",""-415.50689"",""21.52896"",""-2025.929061"",""0.691703"",""0.299036"",""-0.657362"""
"""NODE"",""-415.779752"",""21.933008"",""-2026.039893"",""0.690563"",""0.270585"",""-0.67075"""
"""NODE"",""-416.04456"",""22.341239"",""-2026.154855"",""0.686284"",""0.240726"",""-0.686342"""
"""NODE"",""-416.301387"",""22.753439"",""-2026.273694"",""0.678689"",""0.209216"",""-0.703996"""
"""NODE"",""-416.550505"",""23.169178"",""-2026.396553"",""0.66766"",""0.176033"",""-0.723355"""
"""NODE"",""-416.792285"",""23.587948"",""-2026.523706"",""0.653074"",""0.141267"",""-0.744001"""
"""NODE"",""-417.027169"",""24.009216"",""-2026.655447"",""0.634777"",""0.105064"",""-0.765519"""
"""NODE"",""-417.255717"",""24.432409"",""-2026.792083"",""0.612735"",""0.067524"",""-0.787398"""
"""NODE"",""-417.47845"",""24.856976"",""-2026.933954"",""0.587059"",""0.028594"",""-0.809039"""
"""NODE"",""-417.695807"",""25.282425"",""-2027.081413"",""0.557803"",""-0.011597"",""-0.829893"""
"""NODE"",""-417.908324"",""25.708222"",""-2027.234804"",""0.524987"",""-0.052815"",""-0.84947"""
"""NODE"",""-418.116674"",""26.13378"",""-2027.394448"",""0.488674"",""-0.094791"",""-0.867302"""
"""NODE"",""-418.321689"",""26.55846"",""-2027.560615"",""0.448978"",""-0.137237"",""-0.882941"""
"""NODE"",""-418.524392"",""26.981563"",""-2027.733503"",""0.406163"",""-0.179914"",""-0.895914"""
"""NODE"",""-418.72592"",""27.402328"",""-2027.913334"",""0.360792"",""-0.222844"",""-0.905632"""
"""NODE"",""-418.927235"",""27.820067"",""-2028.100312"",""0.313366"",""-0.265827"",""-0.911668"""
"""NODE"",""-419.129306"",""28.234134"",""-2028.294503"",""0.264259"",""-0.308552"",""-0.913763"""
"""NODE"",""-419.333152"",""28.643894"",""-2028.49584"",""0.21392"",""-0.350724"",""-0.911719"""
"""NODE"",""-419.539832"",""29.048731"",""-2028.704125"",""0.162776"",""-0.392082"",""-0.905415"""
"""NODE"",""-419.750464"",""29.448031"",""-2028.919035"",""0.111648"",""-0.432412"",""-0.894737"""
"""NODE"",""-419.966175"",""29.841136"",""-2029.14023"",""0.061103"",""-0.471704"",""-0.879637"""
"""NODE"",""-420.187921"",""30.22746"",""-2029.367326"",""0.011762"",""-0.509746"",""-0.860245"""
"""NODE"",""-420.416559"",""30.606485"",""-2029.599819"",""-0.035915"",""-0.546315"",""-0.836809"""
"""NODE"",""-420.652875"",""30.977753"",""-2029.837101"",""-0.081488"",""-0.581229"",""-0.809649"""
"""NODE"",""-420.897609"",""31.340844"",""-2030.078464"",""-0.124496"",""-0.614357"",""-0.779144"""
"""NODE"",""-421.151474"",""31.695358"",""-2030.323123"",""-0.16459"",""-0.645674"",""-0.745665"""
"""NODE"",""-421.415104"",""32.040869"",""-2030.570319"",""-0.201093"",""-0.67529"",""-0.709609"""
"""NODE"",""-421.688929"",""32.37698"",""-2030.819383"",""-0.23377"",""-0.703185"",""-0.671478"""
"""NODE"",""-421.973303"",""32.703319"",""-2031.069619"",""-0.262426"",""-0.729353"",""-0.631804"""
"""NODE"",""-422.268491"",""33.019537"",""-2031.320319"",""-0.286945"",""-0.753815"",""-0.591122"""
"""NODE"",""-422.57466"",""33.325324"",""-2031.57079"",""-0.307282"",""-0.776598"",""-0.549975"""
"""NODE"",""-422.891869"",""33.620409"",""-2031.820354"",""-0.323485"",""-0.797737"",""-0.508895"""
"""NODE"",""-423.220155"",""33.904496"",""-2032.068348"",""-0.335308"",""-0.817455"",""-0.468334"""
"""NODE"",""-423.559447"",""34.177234"",""-2032.314261"",""-0.342839"",""-0.835858"",""-0.428722"""
"""NODE"",""-423.909607"",""34.438268"",""-2032.557628"",""-0.346168"",""-0.853032"",""-0.390517"",""-399"",""4"",""-2024"""
"""NODE"",""-424.270432"",""34.687244"",""-2032.798034"",""-0.345404"",""-0.869078"",""-0.354117"""
"""NODE"",""-424.64151"",""34.923798"",""-2033.035356"",""-0.340731"",""-0.88414"",""-0.319685"""
"""NODE"",""-425.022302"",""35.147506"",""-2033.269727"",""-0.332221"",""-0.898431"",""-0.287142"""
"""NODE"",""-425.412245"",""35.357842"",""-2033.501414"",""-0.320647"",""-0.911799"",""-0.25653"""
"""NODE"",""-425.810772"",""35.554383"",""-2033.730596"",""-0.30602"",""-0.924378"",""-0.227767"""
"""NODE"",""-426.217299"",""35.736673"",""-2033.9575"",""-0.288642"",""-0.936155"",""-0.200748"""
"""NODE"",""-426.631258"",""35.904152"",""-2034.182368"",""-0.268589"",""-0.94717"",""-0.175296"""
"""NODE"",""-427.052077"",""36.056186"",""-2034.405462"",""-0.245961"",""-0.95741"",""-0.151227"""
"""NODE"",""-427.479159"",""36.192098"",""-2034.627051"",""-0.220911"",""-0.966807"",""-0.128383"""
"""NODE"",""-427.911861"",""36.311217"",""-2034.847405"",""-0.193773"",""-0.975228"",""-0.10669"""
"""NODE"",""-428.349474"",""36.413099"",""-2035.066696"",""-0.165209"",""-0.982481"",""-0.086233"""
"""NODE"",""-428.791296"",""36.497464"",""-2035.284975"",""-0.135357"",""-0.988538"",""-0.066868"""
"""NODE"",""-429.236626"",""36.563984"",""-2035.502295"",""-0.104252"",""-0.993372"",""-0.048408"""
"""NODE"",""-429.684739"",""36.612312"",""-2035.718706"",""-0.072017"",""-0.996931"",""-0.030707"""
"""NODE"",""-430.134873"",""36.642126"",""-2035.934253"",""-0.039145"",""-0.999138"",""-0.013792"""
"""NODE"",""-430.586255"",""36.653261"",""-2036.14896"",""-0.005161"",""-0.999983"",""0.002759"""
"""NODE"",""-431.038137"",""36.645664"",""-2036.36277"",""0.028646"",""-0.999418"",""0.018524"""
"""NODE"",""-431.489798"",""36.619497"",""-2036.575584"",""0.062309"",""-0.997487"",""0.033709"""
"""NODE"",""-431.940535"",""36.574988"",""-2036.787314"",""0.095688"",""-0.994232"",""0.048432"""
"""NODE"",""-432.389656"",""36.512339"",""-2036.997881"",""0.128839"",""-0.989668"",""0.062904"""
"""NODE"",""-432.836463"",""36.431604"",""-2037.207203"",""0.162103"",""-0.983727"",""0.07749"""
"""NODE"",""-433.280282"",""36.332961"",""-2037.415205"",""0.194303"",""-0.976636"",""0.091805"""
"""NODE"",""-433.720487"",""36.216825"",""-2037.62186"",""0.225708"",""-0.968392"",""0.106172"""
"""NODE"",""-434.156451"",""36.083631"",""-2037.827218"",""0.256083"",""-0.959086"",""0.120728"""
"""NODE"",""-434.587617"",""35.933835"",""-2038.031254"",""0.285225"",""-0.948826"",""0.135557"""
"""NODE"",""-435.013618"",""35.768019"",""-2038.233748"",""0.312724"",""-0.937854"",""0.150448"""
"""NODE"",""-435.434118"",""35.586715"",""-2038.434463"",""0.339589"",""-0.925838"",""0.16584"""
"""NODE"",""-435.848707"",""35.390191"",""-2038.633143"",""0.365415"",""-0.912973"",""0.18153"""
"""NODE"",""-436.257039"",""35.178856"",""-2038.829566"",""0.390049"",""-0.899382"",""0.197417"""
"""NODE"",""-436.658841"",""34.953238"",""-2039.02355"",""0.413432"",""-0.885162"",""0.213453"""
"""NODE"",""-437.053862"",""34.713831"",""-2039.214916"",""0.435655"",""-0.870323"",""0.229657"""
"""NODE"",""-437.441823"",""34.461014"",""-2039.403464"",""0.45707"",""-0.854692"",""0.246147"""
"""NODE"",""-437.822407"",""34.195098"",""-2039.589002"",""0.477653"",""-0.838292"",""0.262896"""
"""NODE"",""-438.195278"",""33.916337"",""-2039.771324"",""0.497455"",""-0.821096"",""0.279893"""
"""NODE"",""-438.56013"",""33.625048"",""-2039.950255"",""0.516252"",""-0.803284"",""0.297015"""
"""NODE"",""-438.91678"",""33.321725"",""-2040.125689"",""0.533839"",""-0.785065"",""0.314148"""
"""NODE"",""-439.265032"",""33.006767"",""-2040.297453"",""0.550702"",""-0.766064"",""0.331471"""
"""NODE"",""-439.604527"",""32.680344"",""-2040.465297"",""0.566921"",""-0.7462"",""0.348978"""
"""NODE"",""-439.934967"",""32.34273"",""-2040.629026"",""0.582276"",""-0.72567"",""0.366549"""
"""NODE"",""-440.25613"",""31.994292"",""-2040.788484"",""0.596636"",""-0.704623"",""0.3841"""
"""NODE"",""-440.567848"",""31.635439"",""-2040.943533"",""0.610041"",""-0.683049"",""0.401616"""
"""NODE"",""-440.869892"",""31.266481"",""-2041.093939"",""0.622741"",""-0.660681"",""0.41916"""
"""NODE"",""-441.161974"",""30.887668"",""-2041.239439"",""0.634687"",""-0.637564"",""0.436675"""
"""NODE"",""-441.443852"",""30.499309"",""-2041.379805"",""0.645796"",""-0.613799"",""0.454091"""
"""NODE"",""-441.715311"",""30.101744"",""-2041.514833"",""0.656036"",""-0.589437"",""0.471361"""
"""NODE"",""-441.976149"",""29.695324"",""-2041.644323"",""0.665433"",""-0.564454"",""0.488456"""
"""NODE"",""-442.226162"",""29.280388"",""-2041.768027"",""0.674023"",""-0.538803"",""0.505355"""
"""NODE"",""-442.465163"",""28.857253"",""-2041.885578"",""0.681862"",""-0.512402"",""0.522023"""
"""NODE"",""-442.692972"",""28.426261"",""-2041.996617"",""0.688917"",""-0.485299"",""0.538404"""
"""NODE"",""-442.909412"",""27.987766"",""-2042.100812"",""0.695176"",""-0.457515"",""0.554446"""
"""NODE"",""-443.114305"",""27.54214"",""-2042.197844"",""0.700628"",""-0.429079"",""0.570098"""
"""NODE"",""-443.307476"",""27.089763"",""-2042.287391"",""0.705358"",""-0.399828"",""0.585327"""
"""NODE"",""-443.488783"",""26.631053"",""-2042.369203"",""0.709034"",""-0.370429"",""0.600045"""
"""NODE"",""-443.65823"",""26.166468"",""-2042.442897"",""0.711934"",""-0.340401"",""0.614229"""
"""NODE"",""-443.815764"",""25.696457"",""-2042.508102"",""0.714047"",""-0.309769"",""0.627838"""
"""NODE"",""-443.961289"",""25.221453"",""-2042.564415"",""0.715402"",""-0.278468"",""0.640824"""
"""NODE"",""-444.094692"",""24.741901"",""-2042.611438"",""0.715999"",""-0.246503"",""0.653132"""
"""NODE"",""-444.215866"",""24.258267"",""-2042.648798"",""0.715813"",""-0.213966"",""0.664703"""
"""NODE"",""-444.324767"",""23.771061"",""-2042.676183"",""0.714765"",""-0.181161"",""0.675494"""
"""NODE"",""-444.421494"",""23.280831"",""-2042.693354"",""0.712867"",""-0.148169"",""0.685469"""
"""NODE"",""-444.506116"",""22.788113"",""-2042.700023"",""0.710185"",""-0.114843"",""0.694585"""
"""NODE"",""-444.578649"",""22.293441"",""-2042.695873"",""0.706756"",""-0.081101"",""0.702794"""
"""NODE"",""-444.639085"",""21.797364"",""-2042.680583"",""0.702591"",""-0.046955"",""0.710043"""
"""NODE"",""-444.687424"",""21.300448"",""-2042.653862"",""0.697672"",""-0.012568"",""0.716307"""
"""NODE"",""-444.723729"",""20.803274"",""-2042.615466"",""0.692043"",""0.022144"",""0.721517"""
"""NODE"",""-444.748065"",""20.306429"",""-2042.565177"",""0.685671"",""0.056875"",""0.725686"""
"""NODE"",""-444.760585"",""19.810509"",""-2042.502844"",""0.678584"",""0.091472"",""0.728805"""
"""NODE"",""-444.761494"",""19.316107"",""-2042.428396"",""0.670814"",""0.12582"",""0.730874"""
"""NODE"",""-444.750998"",""18.823802"",""-2042.341789"",""0.662406"",""0.159942"",""0.731872"""
"""NODE"",""-444.729267"",""18.334175"",""-2042.242954"",""0.653397"",""0.193976"",""0.731742"""
"""NODE"",""-444.696391"",""17.847828"",""-2042.131773"",""0.643809"",""0.228056"",""0.730411"""
"""NODE"",""-444.652422"",""17.365373"",""-2042.008149"",""0.633668"",""0.261856"",""0.72794"""
"""NODE"",""-444.597645"",""16.887333"",""-2041.872308"",""0.623033"",""0.294723"",""0.724547"""
"""NODE"",""-444.532411"",""16.414177"",""-2041.724512"",""0.611954"",""0.326709"",""0.720259"""
"""NODE"",""-444.457054"",""15.946358"",""-2041.565001"",""0.600467"",""0.357887"",""0.715091"""
"""NODE"",""-444.371882"",""15.48432"",""-2041.393986"",""0.588597"",""0.388351"",""0.70904"""
"""NODE"",""-444.277169"",""15.028514"",""-2041.211639"",""0.576351"",""0.418214"",""0.70208"""
"""NODE"",""-444.173148"",""14.579408"",""-2041.018087"",""0.563733"",""0.447558"",""0.694188"""
"""NODE"",""-444.06004"",""14.13746"",""-2040.813476"",""0.550816"",""0.476125"",""0.685498"""
"""NODE"",""-443.938233"",""13.702921"",""-2040.598257"",""0.537776"",""0.503262"",""0.676405"""
"""NODE"",""-443.808163"",""13.275984"",""-2040.372897"",""0.524619"",""0.529242"",""0.666841"""
"""NODE"",""-443.670181"",""12.856873"",""-2040.137758"",""0.51134"",""0.554256"",""0.656758"""
"""NODE"",""-443.52461"",""12.445825"",""-2039.893151"",""0.497961"",""0.578352"",""0.646176"""
"""NODE"",""-443.371795"",""12.043037"",""-2039.639396"",""0.484558"",""0.601424"",""0.635211"""
"""NODE"",""-443.212155"",""11.648598"",""-2039.376874"",""0.471251"",""0.623244"",""0.624091"""
"""NODE"",""-443.046094"",""11.262614"",""-2039.105905"",""0.457881"",""0.644407"",""0.612442"""
"""NODE"",""-442.873847"",""10.885292"",""-2038.826721"",""0.444518"",""0.664758"",""0.600417"""
"""NODE"",""-442.695718"",""10.516733"",""-2038.539633"",""0.431278"",""0.684111"",""0.588211"""
"""NODE"",""-442.512077"",""10.156917"",""-2038.245021"",""0.418258"",""0.702357"",""0.575982"""
"""NODE"",""-442.323317"",""9.805763"",""-2037.943279"",""0.405502"",""0.719519"",""0.563791"""
"""NODE"",""-442.129811"",""9.463183"",""-2037.634761"",""0.392961"",""0.735788"",""0.551541"""
"""NODE"",""-441.931813"",""9.129231"",""-2037.319702"",""0.380469"",""0.751528"",""0.538933"""
"""NODE"",""-441.729482"",""8.804058"",""-2036.998278"",""0.368019"",""0.766757"",""0.525971"""
"""NODE"",""-441.52299"",""8.487771"",""-2036.670692"",""0.355661"",""0.781409"",""0.512744"""
"""NODE"",""-441.312535"",""8.180426"",""-2036.33717"",""0.343446"",""0.795425"",""0.499344"""
"""NODE"",""-441.09833"",""7.882021"",""-2035.997965"",""0.331378"",""0.808833"",""0.485776"""
"""NODE"",""-440.880582"",""7.592547"",""-2035.65332"",""0.319528"",""0.821546"",""0.472191"""
"""NODE"",""-440.659443"",""7.312156"",""-2035.303366"",""0.307558"",""0.834053"",""0.458"""
"""NODE"",""-440.43502"",""7.041065"",""-2034.948213"",""0.295574"",""0.846183"",""0.443407"""
"""NODE"",""-440.207455"",""6.779417"",""-2034.588011"",""0.283632"",""0.857864"",""0.428512"""
"""NODE"",""-439.976907"",""6.527302"",""-2034.222942"",""0.271776"",""0.869045"",""0.4134"""
"""NODE"",""-439.743541"",""6.284769"",""-2033.853203"",""0.260071"",""0.879667"",""0.398182"""
"""NODE"",""-439.507527"",""6.051842"",""-2033.478994"",""0.248406"",""0.889858"",""0.382684"""
"""NODE"",""-439.269015"",""5.828576"",""-2033.100505"",""0.236877"",""0.899522"",""0.367082"""
"""NODE"",""-439.028157"",""5.615004"",""-2032.717928"",""0.225462"",""0.908694"",""0.351342"""
"""NODE"",""-438.785106"",""5.411137"",""-2032.331463"",""0.214185"",""0.917362"",""0.335516"""
"""NODE"",""-438.540015"",""5.216965"",""-2031.941311"",""0.203055"",""0.925529"",""0.319632"""
"""NODE"",""-438.293033"",""5.032468"",""-2031.547671"",""0.192076"",""0.933204"",""0.303706"""
"""NODE"",""-438.044304"",""4.857623"",""-2031.15074"",""0.181252"",""0.940397"",""0.287753"""
"""NODE"",""-437.793968"",""4.69236"",""-2030.750726"",""0.17066"",""0.947068"",""0.271915"""
"""NODE"",""-437.542156"",""4.536574"",""-2030.347845"",""0.160276"",""0.953254"",""0.256162"""
"""NODE"",""-437.288987"",""4.390171"",""-2029.942304"",""0.150104"",""0.958968"",""0.240517"""
"""NODE"",""-437.034582"",""4.253033"",""-2029.534305"",""0.140182"",""0.96421"",""0.225052"""
"""NODE"",""-436.779061"",""4.124984"",""-2029.124054"",""0.130583"",""0.968964"",""0.209899"""
"""NODE"",""-436.52255"",""4.005761"",""-2028.711766"",""0.121404"",""0.973214"",""0.195231"""
"""NODE"",""-436.265109"",""3.895045"",""-2028.297688"",""0.112514"",""0.977038"",""0.180933"""
"""NODE"",""-436.006775"",""3.792665"",""-2027.882025"",""0.103802"",""0.980492"",""0.166916"""
"""NODE"",""-435.747636"",""3.698436"",""-2027.464938"",""0.095325"",""0.983576"",""0.153272"""
"""NODE"",""-435.487779"",""3.612102"",""-2027.046589"",""0.087152"",""0.986292"",""0.140115"""
"""NODE"",""-435.227295"",""3.533347"",""-2026.627136"",""0.079343"",""0.988655"",""0.127541"""
"""NODE"",""-434.966265"",""3.461802"",""-2026.206731"",""0.071949"",""0.990683"",""0.115632"""
"""NODE"",""-434.704769"",""3.397059"",""-2025.785513"",""0.064972"",""0.992411"",""0.104397"""
"""NODE"",""-434.442863"",""3.338781"",""-2025.363606"",""0.058253"",""0.993907"",""0.093574"""
"""NODE"",""-434.180577"",""3.286779"",""-2024.941115"",""0.051779"",""0.995191"",""0.083147"""
"""NODE"",""-433.917944"",""3.240742"",""-2024.518147"",""0.045691"",""0.99626"",""0.073344"""
"""NODE"",""-433.655002"",""3.200267"",""-2024.094802"",""0.040049"",""0.997129"",""0.064263"""
"""NODE"",""-433.391789"",""3.164919"",""-2023.671166"",""0.034862"",""0.997827"",""0.055916"""
"""NODE"",""-433.128339"",""3.134274"",""-2023.247311"",""0.030109"",""0.99838"",""0.048272"""
"""NODE"",""-432.864683"",""3.107936"",""-2022.823294"",""0.025751"",""0.998816"",""0.041266"""
"""NODE"",""-432.600847"",""3.08555"",""-2022.399162"",""0.021746"",""0.999157"",""0.034831"""
"""NODE"",""-432.336851"",""3.066804"",""-2021.974952"",""0.018059"",""0.999419"",""0.028908"""
"""NODE"",""-432.072716"",""3.051392"",""-2021.550695"",""0.01474"",""0.999613"",""0.02358"""
"""NODE"",""-431.808468"",""3.038874"",""-2021.126412"",""0.011928"",""0.999747"",""0.019068"""
"""NODE"",""-431.544133"",""3.028796"",""-2020.702119"",""0.009561"",""0.999838"",""0.015271"""
"""NODE"",""-431.279727"",""3.020767"",""-2020.277825"",""0.007578"",""0.999898"",""0.012091"""
"""NODE"",""-431.015268"",""3.014449"",""-2019.853536"",""0.005926"",""0.999938"",""0.009445"""
"""NODE"",""-430.750765"",""3.009549"",""-2019.429256"",""0.004562"",""0.999963"",""0.00726"""
"""NODE"",""-430.486229"",""3.005815"",""-2019.004984"",""0.003448"",""0.999979"",""0.005476"""
"""NODE"",""-430.221666"",""3.003027"",""-2018.580721"",""0.002551"",""0.999989"",""0.00404"""
"""NODE"",""-429.957083"",""3.000993"",""-2018.156467"",""0.001842"",""0.999994"",""0.002906"""
"""NODE"",""-429.692484"",""2.999548"",""-2017.73222"",""0.001297"",""0.999997"",""0.002036"""
"""NODE"",""-429.427873"",""2.998546"",""-2017.30798"",""0.000894"",""0.999999"",""0.001393"""
"""NODE"",""-429.163255"",""2.997863"",""-2016.883743"",""0.000615"",""0.999999"",""0.000949"""
"""NODE"",""-428.89863"",""2.99739"",""-2016.45951"",""0.000444"",""1.0"",""0.000677"""
"""NODE"",""-428.634003"",""2.997032"",""-2016.035279"",""0.000365"",""1.0"",""0.000554"""
"""NODE"",""-428.369374"",""2.996708"",""-2015.611049"",""0.000361"",""1.0"",""0.000551"""
"""NODE"",""-428.104745"",""2.996367"",""-2015.186818"",""0.000388"",""1.0"",""0.000597"""
"""NODE"",""-427.840116"",""2.995993"",""-2014.762588"",""0.000428"",""1.0"",""0.000663"""
"""NODE"",""-427.575488"",""2.995575"",""-2014.338357"",""0.00048"",""1.0"",""0.000749"""
"""NODE"",""-427.310859"",""2.995101"",""-2013.914127"",""0.000544"",""0.999999"",""0.000854"""
"""NODE"",""-427.046231"",""2.99456"",""-2013.489896"",""0.000619"",""0.999999"",""0.000978"""
"""NODE"",""-426.781602"",""2.993941"",""-2013.065666"",""0.000708"",""0.999999"",""0.001122"""
"""NODE"",""-426.516974"",""2.99323"",""-2012.641435"",""0.00081"",""0.999999"",""0.001288"""
"""NODE"",""-426.252346"",""2.992416"",""-2012.217205"",""0.000927"",""0.999998"",""0.001478"""
"""NODE"",""-425.987719"",""2.991481"",""-2011.792975"",""0.001062"",""0.999998"",""0.001695"""
"""NODE"",""-425.723091"",""2.990411"",""-2011.368745"",""0.001216"",""0.999997"",""0.001943"""
"""NODE"",""-425.458464"",""2.989184"",""-2010.944515"",""0.001393"",""0.999997"",""0.002229"""
"""NODE"",""-425.193837"",""2.987777"",""-2010.520285"",""0.001597"",""0.999995"",""0.002558"""
"""NODE"",""-424.929211"",""2.98616"",""-2010.096056"",""0.001836"",""0.999994"",""0.002942"""
"""NODE"",""-424.664585"",""2.984298"",""-2009.671828"",""0.002118"",""0.999992"",""0.003395"""
"""NODE"",""-424.39996"",""2.982145"",""-2009.2476"",""0.002456"",""0.999989"",""0.003937"""
"""NODE"",""-424.135336"",""2.97964"",""-2008.823374"",""0.002869"",""0.999985"",""0.0046"""
"""NODE"",""-423.870714"",""2.976699"",""-2008.39915"",""0.003389"",""0.999979"",""0.005433"""
"""NODE"",""-423.606076"",""2.9732"",""-2007.974939"",""0.004037"",""0.999971"",""0.006498"""
"""NODE"",""-423.341089"",""2.969031"",""-2007.550953"",""0.004533"",""0.999959"",""0.007843"""
"""NODE"",""-423.075306"",""2.964138"",""-2007.127473"",""0.004537"",""0.999944"",""0.009593"""
"""NODE"",""-422.808309"",""2.958492"",""-2006.704766"",""0.003743"",""0.999922"",""0.011889"""
"""NODE"",""-422.539687"",""2.952103"",""-2006.283102"",""0.001819"",""0.999888"",""0.014829"""
"""NODE"",""-422.269036"",""2.94506"",""-2005.862748"",""-0.001612"",""0.999829"",""0.018428"""
"""SIGN"",""LINES"",""[!train]"",""launch 25"",""1.45"","""""
"""NODE"",""-421.995974"",""2.937599"",""-2005.443963"",""-0.007"",""0.999721"",""0.022574"""
"""SIGN"",""LINES"",""[!train]"",""property"",""maxspeed"",""110kmh"""
"""NODE"",""-421.720147"",""2.930189"",""-2005.026993"",""-0.014868"",""0.999525"",""0.026995"""
"""SIGN"",""LINES"",""[!train]"",""launch 0"",""0.72"","""""
"""NODE"",""-421.441241"",""2.923626"",""-2004.612064"",""-0.025768"",""0.999177"",""0.031331"""
"""NODE"",""-421.15897"",""2.919013"",""-2004.19939"",""-0.040097"",""0.998568"",""0.035416"""
"""NODE"",""-420.873065"",""2.917489"",""-2003.789203"",""-0.057796"",""0.997531"",""0.039902"""
"""NODE"",""-420.583514"",""2.919824"",""-2003.381585"",""-0.078796"",""0.995857"",""0.045397"""
"""NODE"",""-420.290704"",""2.926721"",""-2002.976355"",""-0.103174"",""0.99331"",""0.051868"""
"""NODE"",""-419.995599"",""2.93889"",""-2002.572918"",""-0.130675"",""0.989671"",""0.058951"""
"""NODE"",""-419.699303"",""2.957052"",""-2002.17058"",""-0.160985"",""0.984734"",""0.066209"""
"""NODE"",""-419.402988"",""2.981948"",""-2001.768619"",""-0.193803"",""0.978309"",""0.073154"""
"""NODE"",""-419.107909"",""3.014338"",""-2001.366283"",""-0.228817"",""0.970236"",""0.079283"""
"""NODE"",""-418.81527"",""3.054919"",""-2000.962912"",""-0.265492"",""0.960393"",""0.08461"""
"""NODE"",""-418.52619"",""3.104113"",""-2000.557937"",""-0.303358"",""0.948712"",""0.088988"""
"""NODE"",""-418.241891"",""3.162269"",""-2000.150773"",""-0.342086"",""0.935155"",""0.091988"""
"""NODE"",""-417.963671"",""3.229697"",""-1999.740852"",""-0.381322"",""0.919727"",""0.09325"""
"""NODE"",""-417.692844"",""3.306623"",""-1999.327667"",""-0.420657"",""0.902483"",""0.092586"""
"""NODE"",""-417.430694"",""3.393114"",""-1998.910798"",""-0.459672"",""0.883534"",""0.089827"""
"""NODE"",""-417.178504"",""3.489125"",""-1998.489892"",""-0.498057"",""0.862986"",""0.084821"""
"""NODE"",""-416.937679"",""3.594614"",""-1998.064621"",""-0.535471"",""0.841021"",""0.077164"""
"""NODE"",""-416.709424"",""3.709419"",""-1997.634855"",""-0.571474"",""0.817875"",""0.067066"""
"""NODE"",""-416.494878"",""3.833235"",""-1997.200559"",""-0.605752"",""0.793786"",""0.054491"""
"""NODE"",""-416.29517"",""3.965712"",""-1996.761769"",""-0.63806"",""0.768987"",""0.039223"""
"""NODE"",""-416.111464"",""4.106537"",""-1996.318608"",""-0.668142"",""0.743734"",""0.02111"""
"""NODE"",""-415.944453"",""4.255497"",""-1995.871517"",""-0.695731"",""0.718302"",""0.000959"""
"""NODE"",""-415.794513"",""4.41235"",""-1995.421091"",""-0.72088"",""0.692739"",""-0.021093"""
"""NODE"",""-415.662091"",""4.576898"",""-1994.967931"",""-0.743672"",""0.667027"",""-0.045032"""
"""NODE"",""-415.547668"",""4.748962"",""-1994.512663"",""-0.764148"",""0.641148"",""-0.070765"""
"""NODE"",""-415.451733"",""4.928329"",""-1994.055942"",""-0.782335"",""0.615049"",""-0.098316"""
"""NODE"",""-415.374694"",""5.114814"",""-1993.598501"",""-0.798214"",""0.588875"",""-0.126809"""
"""NODE"",""-415.317011"",""5.30808"",""-1993.141028"",""-0.811837"",""0.562423"",""-0.156849"""
"""NODE"",""-415.27909"",""5.507856"",""-1992.684278"",""-0.823195"",""0.535727"",""-0.188005"""
"""NODE"",""-415.261308"",""5.713787"",""-1992.229045"",""-0.832295"",""0.508781"",""-0.220059"""
"""NODE"",""-415.263946"",""5.925479"",""-1991.776124"",""-0.839161"",""0.481646"",""-0.252639"""
"""NODE"",""-415.287183"",""6.142448"",""-1991.326291"",""-0.8438"",""0.454215"",""-0.285816"""
"""NODE"",""-415.331307"",""6.364214"",""-1990.880383"",""-0.846187"",""0.42633"",""-0.319702"""
"""NODE"",""-415.396762"",""6.590324"",""-1990.439312"",""-0.84623"",""0.397897"",""-0.354362"""
"""NODE"",""-415.483938"",""6.820302"",""-1990.004038"",""-0.843887"",""0.368874"",""-0.389597"""
"""NODE"",""-415.59309"",""7.053633"",""-1989.575549"",""-0.839183"",""0.339314"",""-0.425016"""
"""NODE"",""-415.724265"",""7.289722"",""-1989.154824"",""-0.832082"",""0.30924"",""-0.460445"""
"""NODE"",""-415.877494"",""7.527945"",""-1988.74286"",""-0.822622"",""0.278601"",""-0.495656"""
"""NODE"",""-416.053056"",""7.767578"",""-1988.340727"",""-0.810515"",""0.247092"",""-0.531047"""
"""NODE"",""-416.251019"",""8.007908"",""-1987.94958"",""-0.795823"",""0.214813"",""-0.566146"""
"""NODE"",""-416.471314"",""8.248224"",""-1987.570556"",""-0.778517"",""0.181743"",""-0.600733"""
"""NODE"",""-416.713771"",""8.487811"",""-1987.204817"",""-0.758543"",""0.147868"",""-0.634624"""
"""NODE"",""-416.978085"",""8.725942"",""-1986.853582"",""-0.736103"",""0.113289"",""-0.667322"""
"""NODE"",""-417.263598"",""8.9619"",""-1986.517797"",""-0.711654"",""0.078278"",""-0.698156"""
"""NODE"",""-417.569365"",""9.194969"",""-1986.198215"",""-0.685495"",""0.042904"",""-0.726813"""
"""NODE"",""-417.894385"",""9.424473"",""-1985.895517"",""-0.657661"",""0.007067"",""-0.753281"""
"""NODE"",""-418.237769"",""9.649748"",""-1985.610398"",""-0.627937"",""-0.029437"",""-0.777707"""
"""NODE"",""-418.59877"",""9.870015"",""-1985.343756"",""-0.5958"",""-0.066872"",""-0.800344"""
"""NODE"",""-418.976712"",""10.084602"",""-1985.096672"",""-0.56188"",""-0.104998"",""-0.820528"""
"""NODE"",""-419.370089"",""10.293393"",""-1984.869481"",""-0.528015"",""-0.143275"",""-0.837062"""
"""NODE"",""-419.777238"",""10.4962"",""-1984.662017"",""-0.494056"",""-0.181971"",""-0.850174"""
"""NODE"",""-420.196945"",""10.69264"",""-1984.474362"",""-0.459632"",""-0.221353"",""-0.860082"""
"""NODE"",""-420.628055"",""10.882285"",""-1984.306637"",""-0.425019"",""-0.26147"",""-0.866598"""
"""NODE"",""-421.069316"",""11.06478"",""-1984.158526"",""-0.391688"",""-0.302028"",""-0.869114"""
"""NODE"",""-421.519637"",""11.239181"",""-1984.029069"",""-0.358317"",""-0.342955"",""-0.868326"""
"""NODE"",""-421.978005"",""11.404937"",""-1983.917771"",""-0.325865"",""-0.384027"",""-0.863907"""
"""NODE"",""-422.443352"",""11.561692"",""-1983.823729"",""-0.294939"",""-0.424907"",""-0.855842"""
"""NODE"",""-422.914658"",""11.709188"",""-1983.745725"",""-0.265791"",""-0.465409"",""-0.844245"""
"""NODE"",""-423.391093"",""11.846946"",""-1983.682432"",""-0.237688"",""-0.505341"",""-0.829539"""
"""NODE"",""-423.871991"",""11.974441"",""-1983.63284"",""-0.210369"",""-0.544521"",""-0.811937"""
"""NODE"",""-424.356687"",""12.091437"",""-1983.595964"",""-0.184277"",""-0.582674"",""-0.791539"""
"""NODE"",""-424.84454"",""12.197904"",""-1983.570602"",""-0.159777"",""-0.619566"",""-0.768511"""
"""NODE"",""-425.334996"",""12.293844"",""-1983.555394"",""-0.136771"",""-0.654938"",""-0.743202"""
"""NODE"",""-425.827587"",""12.379271"",""-1983.549046"",""-0.115248"",""-0.688746"",""-0.715784"""
"""NODE"",""-426.321954"",""12.454001"",""-1983.550415"",""-0.094219"",""-0.72062"",""-0.686899"""
"""NODE"",""-426.817741"",""12.51815"",""-1983.558659"",""-0.074153"",""-0.750444"",""-0.656762"""
"""NODE"",""-427.314626"",""12.571959"",""-1983.572798"",""-0.055332"",""-0.778105"",""-0.625692"""
"""NODE"",""-427.81233"",""12.615798"",""-1983.591755"",""-0.037979"",""-0.803517"",""-0.594069"""
"""NODE"",""-428.310628"",""12.650128"",""-1983.614388"",""-0.022206"",""-0.826638"",""-0.562296"""
"""NODE"",""-428.809347"",""12.675341"",""-1983.639603"",""-0.007425"",""-0.847358"",""-0.530971"""
"""NODE"",""-429.308336"",""12.691843"",""-1983.666647"",""0.006429"",""-0.86572"",""-0.500487"""
"""NODE"",""-429.807471"",""12.700064"",""-1983.694788"",""0.019325"",""-0.881751"",""-0.471319"""
"""NODE"",""-430.306653"",""12.700466"",""-1983.723278"",""0.031221"",""-0.895522"",""-0.44392"""
"""NODE"",""-430.805812"",""12.693527"",""-1983.751354"",""0.042101"",""-0.907126"",""-0.418747"""
"""NODE"",""-431.304894"",""12.679731"",""-1983.778244"",""0.052012"",""-0.916659"",""-0.396272"""
"""NODE"",""-431.803859"",""12.659527"",""-1983.80318"",""0.061033"",""-0.924237"",""-0.376909"""
"""NODE"",""-432.302668"",""12.63322"",""-1983.825406"",""0.06952"",""-0.929915"",""-0.361144"""
"""NODE"",""-432.80127"",""12.601027"",""-1983.844268"",""0.077621"",""-0.933765"",""-0.349369"""
"""NODE"",""-433.299599"",""12.563063"",""-1983.859193"",""0.085482"",""-0.935817"",""-0.341965"""
"""NODE"",""-433.797569"",""12.51934"",""-1983.869683"",""0.09323"",""-0.936055"",""-0.339277"""
"""NODE"",""-434.295066"",""12.46975"",""-1983.87532"",""0.100974"",""-0.934402"",""-0.341611"""
"""NODE"",""-434.791963"",""12.414175"",""-1983.876106"",""0.108831"",""-0.93078"",""-0.349005"""
"""NODE"",""-435.288122"",""12.352461"",""-1983.87256"",""0.117111"",""-0.925134"",""-0.361125"""
"""NODE"",""-435.78339"",""12.28426"",""-1983.865249"",""0.125901"",""-0.917374"",""-0.377589"""
"""NODE"",""-436.277599"",""12.209144"",""-1983.85477"",""0.135217"",""-0.907373"",""-0.397984"""
"""NODE"",""-436.770566"",""12.126627"",""-1983.841771"",""0.145091"",""-0.894969"",""-0.421876"""
"""NODE"",""-437.262088"",""12.036178"",""-1983.826962"",""0.15558"",""-0.879985"",""-0.448799"""
"""NODE"",""-437.751932"",""11.937209"",""-1983.811127"",""0.16681"",""-0.862239"",""-0.478245"""
"""NODE"",""-438.239826"",""11.829064"",""-1983.795117"",""0.178786"",""-0.841546"",""-0.509741"""
"""NODE"",""-438.725471"",""11.711137"",""-1983.77984"",""0.19137"",""-0.817792"",""-0.542764"""
"""NODE"",""-439.208552"",""11.582924"",""-1983.766267"",""0.204467"",""-0.790868"",""-0.576819"""
"""NODE"",""-439.688715"",""11.443952"",""-1983.755391"",""0.218016"",""-0.760697"",""-0.611399"""
"""NODE"",""-440.165565"",""11.29379"",""-1983.748196"",""0.231883"",""-0.727253"",""-0.646013"""
"""NODE"",""-440.638665"",""11.132069"",""-1983.745629"",""0.245843"",""-0.690569"",""-0.680203"""
"""NODE"",""-441.107557"",""10.958526"",""-1983.748582"",""0.259625"",""-0.650736"",""-0.713539"""
"""NODE"",""-441.571794"",""10.773117"",""-1983.75808"",""0.273173"",""-0.607874"",""-0.745564"""
"""NODE"",""-442.030932"",""10.575943"",""-1983.775254"",""0.28645"",""-0.562136"",""-0.775854"""
"""NODE"",""-442.484503"",""10.367194"",""-1983.801211"",""0.299351"",""-0.513733"",""-0.804032"""
"""NODE"",""-442.932031"",""10.147157"",""-1983.836998"",""0.311694"",""-0.462936"",""-0.829781"""
"""NODE"",""-443.373042"",""9.916253"",""-1983.883591"",""0.323252"",""-0.410081"",""-0.852844"""
"""NODE"",""-443.807145"",""9.675152"",""-1983.941906"",""0.333919"",""-0.355521"",""-0.872985"""
"""NODE"",""-444.234006"",""9.424706"",""-1984.012902"",""0.343847"",""-0.299558"",""-0.889963"""
"""NODE"",""-444.653264"",""9.165802"",""-1984.097534"",""0.353137"",""-0.242542"",""-0.903586"""
"""NODE"",""-445.064569"",""8.89937"",""-1984.1966"",""0.361506"",""-0.184919"",""-0.913848"""
"""NODE"",""-445.467777"",""8.626724"",""-1984.310881"",""0.369523"",""-0.126996"",""-0.920502"""
"""NODE"",""-445.862738"",""8.34927"",""-1984.441255"",""0.377222"",""-0.069115"",""-0.92354"""
"""NODE"",""-446.249312"",""8.068426"",""-1984.588416"",""0.384624"",""-0.011688"",""-0.922999"""
"""NODE"",""-446.627386"",""7.785587"",""-1984.752822"",""0.39195"",""0.044896"",""-0.91889"""
"""NODE"",""-446.99674"",""7.502001"",""-1984.934815"",""0.398918"",""0.100361"",""-0.911478"""
"""NODE"",""-447.357386"",""7.219294"",""-1985.134766"",""0.40616"",""0.154364"",""-0.90067"""
"""NODE"",""-447.709347"",""6.938888"",""-1985.352629"",""0.412963"",""0.206292"",""-0.887077"""
"""NODE"",""-448.052852"",""6.662184"",""-1985.58801"",""0.419416"",""0.255808"",""-0.871006"""
"""NODE"",""-448.388113"",""6.390494"",""-1985.840499"",""0.426105"",""0.302814"",""-0.852489"""
"""NODE"",""-448.715099"",""6.124963"",""-1986.10984"",""0.433243"",""0.347136"",""-0.831744"""
"""NODE"",""-449.033696"",""5.86621"",""-1986.395343"",""0.440017"",""0.388206"",""-0.809741"""
"""NODE"",""-449.343938"",""5.614656"",""-1986.696074"",""0.446767"",""0.426293"",""-0.786558"""
"""NODE"",""-449.645686"",""5.370776"",""-1987.011421"",""0.453897"",""0.461769"",""-0.762067"""
"""NODE"",""-449.938709"",""5.135075"",""-1987.340899"",""0.461399"",""0.494802"",""-0.736398"""
"""NODE"",""-450.222919"",""4.908039"",""-1987.683899"",""0.468918"",""0.525355"",""-0.710013"""
"""NODE"",""-450.498328"",""4.690039"",""-1988.039705"",""0.476535"",""0.553651"",""-0.682924"""
"""NODE"",""-450.764545"",""4.481252"",""-1988.407827"",""0.484392"",""0.579972"",""-0.654978"""
"""NODE"",""-451.021087"",""4.281781"",""-1988.787787"",""0.492289"",""0.604422"",""-0.626359"""
"""NODE"",""-451.267568"",""4.09167"",""-1989.179036"",""0.49995"",""0.627013"",""-0.597415"""
"""NODE"",""-451.50376"",""3.910919"",""-1989.580932"",""0.507352"",""0.648013"",""-0.568043"""
"""NODE"",""-451.729283"",""3.739756"",""-1989.993021"",""0.51476"",""0.667719"",""-0.537748"""
"""NODE"",""-451.943686"",""3.578424"",""-1990.414892"",""0.521803"",""0.686115"",""-0.50692"""
"""NODE"",""-452.146723"",""3.426982"",""-1990.845954"",""0.528165"",""0.703231"",""-0.475928"""
"""NODE"",""-452.338222"",""3.285423"",""-1991.285573"",""0.533757"",""0.7192"",""-0.444808"""
"""NODE"",""-452.517948"",""3.15377"",""-1991.73317"",""0.538583"",""0.734232"",""-0.413318"""
"""NODE"",""-452.685582"",""3.03214"",""-1992.18823"",""0.542568"",""0.748461"",""-0.381348"""
"""NODE"",""-452.840874"",""2.9206"",""-1992.6502"",""0.545456"",""0.761932"",""-0.349195"""
"""NODE"",""-452.98365"",""2.81914"",""-1993.11849"",""0.547078"",""0.774745"",""-0.316979"""
"""NODE"",""-453.113779"",""2.727742"",""-1993.592503"",""0.547329"",""0.787003"",""-0.284704"""
"""NODE"",""-453.231269"",""2.646527"",""-1994.071647"",""0.546238"",""0.798736"",""-0.252277"""
"""NODE"",""-453.33613"",""2.575714"",""-1994.555347"",""0.543873"",""0.809915"",""-0.219634"""
"""NODE"",""-453.42844"",""2.515451"",""-1995.043018"",""0.540157"",""0.82049"",""-0.187152"""
"""NODE"",""-453.508398"",""2.465872"",""-1995.534062"",""0.535191"",""0.83045"",""-0.154671"""
"""NODE"",""-453.576118"",""2.427214"",""-1996.02792"",""0.529061"",""0.839769"",""-0.121992"""
"""NODE"",""-453.631669"",""2.399755"",""-1996.524044"",""0.521797"",""0.848402"",""-0.089116"""
"""NODE"",""-453.67516"",""2.383734"",""-1997.021869"",""0.513385"",""0.85631"",""-0.056289"""
"""NODE"",""-453.706841"",""2.379259"",""-1997.520821"",""0.503824"",""0.863477"",""-0.023874"""
"""NODE"",""-453.72709"",""2.386359"",""-1998.020337"",""0.493159"",""0.869902"",""0.008064"""
"""NODE"",""-453.736226"",""2.405185"",""-1998.519876"",""0.481504"",""0.875537"",""0.039862"""
"""NODE"",""-453.734514"",""2.435922"",""-1999.018908"",""0.468899"",""0.880351"",""0.071525"""
"""NODE"",""-453.722227"",""2.478743"",""-1999.516899"",""0.455384"",""0.884321"",""0.102962"""
"""NODE"",""-453.699671"",""2.533748"",""-2000.013329"",""0.440984"",""0.887475"",""0.133869"""
"""NODE"",""-453.667277"",""2.600995"",""-2000.507704"",""0.425802"",""0.88971"",""0.164649"""
"""NODE"",""-453.625355"",""2.680701"",""-2000.999505"",""0.409854"",""0.891044"",""0.19509"""
"""NODE"",""-453.574345"",""2.772858"",""-2001.488264"",""0.393213"",""0.891608"",""0.224543"""
"""NODE"",""-453.514848"",""2.877162"",""-2001.973613"",""0.375972"",""0.891535"",""0.252606"""
"""NODE"",""-453.447503"",""2.99323"",""-2002.455252"",""0.35823"",""0.890875"",""0.279309"""
"""NODE"",""-453.37288"",""3.120754"",""-2002.932905"",""0.340074"",""0.88956"",""0.305014"""
"""NODE"",""-453.291366"",""3.259396"",""-2003.406316"",""0.32162"",""0.887962"",""0.328761"""
"""NODE"",""-453.203644"",""3.408085"",""-2003.875555"",""0.303085"",""0.886549"",""0.349528"""
"""NODE"",""-453.110497"",""3.5657"",""-2004.34082"",""0.284562"",""0.885321"",""0.367739"""
"""NODE"",""-453.012564"",""3.731361"",""-2004.802294"",""0.266125"",""0.884244"",""0.383783"""
"""NODE"",""-452.910417"",""3.904259"",""-2005.260187"",""0.247873"",""0.883405"",""0.397687"""
"""NODE"",""-452.804669"",""4.083518"",""-2005.714807"",""0.229956"",""0.883057"",""0.409061"""
"""NODE"",""-452.696062"",""4.268141"",""-2006.166598"",""0.212501"",""0.883101"",""0.418302"""
"""NODE"",""-452.585055"",""4.457226"",""-2006.615956"",""0.195582"",""0.883659"",""0.425317"""
"""NODE"",""-452.472056"",""4.649837"",""-2007.063316"",""0.179327"",""0.884787"",""0.43011"""
"""NODE"",""-452.357468"",""4.844954"",""-2007.509184"",""0.163867"",""0.886597"",""0.432543"""
"""NODE"",""-452.24168"",""5.041455"",""-2007.954134"",""0.149349"",""0.889224"",""0.432406"""
"""NODE"",""-452.125056"",""5.238111"",""-2008.398797"",""0.135876"",""0.892675"",""0.429732"""
"""NODE"",""-452.00789"",""5.433735"",""-2008.843772"",""0.123563"",""0.89694"",""0.424537"""
"""NODE"",""-451.89055"",""5.627044"",""-2009.289712"",""0.112559"",""0.902097"",""0.416596"""
"""NODE"",""-451.773513"",""5.816672"",""-2009.737307"",""0.103013"",""0.908154"",""0.405765"""
"""NODE"",""-451.657352"",""6.001267"",""-2010.187227"",""0.094881"",""0.914785"",""0.392639"""
"""NODE"",""-451.542413"",""6.179817"",""-2010.639891"",""0.08821"",""0.921724"",""0.377683"""
"""NODE"",""-451.428908"",""6.351299"",""-2011.095637"",""0.083128"",""0.928964"",""0.360716"""
"""NODE"",""-451.317091"",""6.5146"",""-2011.554791"",""0.079703"",""0.936343"",""0.34192"""
"""NODE"",""-451.207237"",""6.668833"",""-2012.017539"",""0.077947"",""0.943617"",""0.321732"""
"""NODE"",""-451.09957"",""6.813236"",""-2012.483956"",""0.077908"",""0.950619"",""0.300423"""
"""NODE"",""-450.994302"",""6.947209"",""-2012.954018"",""0.079592"",""0.957151"",""0.278435"""
"""NODE"",""-450.891636"",""7.070401"",""-2013.427592"",""0.082983"",""0.963028"",""0.256303"""
"""NODE"",""-450.791746"",""7.182653"",""-2013.904467"",""0.088124"",""0.968169"",""0.234273"""
"""NODE"",""-450.694732"",""7.284141"",""-2014.38434"",""0.094847"",""0.97233"",""0.213489"""
"""NODE"",""-450.600669"",""7.375536"",""-2014.866824"",""0.103118"",""0.975479"",""0.194441"""
"""NODE"",""-450.50964"",""7.457552"",""-2015.35157"",""0.11306"",""0.97772"",""0.176862"""
"""NODE"",""-450.421728"",""7.530694"",""-2015.838309"",""0.124775"",""0.9791"",""0.160609"""
"""NODE"",""-450.336784"",""7.595913"",""-2016.3267"",""0.137912"",""0.97942"",""0.147366"""
"""NODE"",""-450.254515"",""7.654696"",""-2016.816366"",""0.1525"",""0.978741"",""0.137149"""
"""NODE"",""-450.174525"",""7.708355"",""-2017.306998"",""0.168548"",""0.977118"",""0.129742"""
"""NODE"",""-450.096204"",""7.758136"",""-2017.798309"",""0.185875"",""0.974563"",""0.125211"""
"""NODE"",""-450.018889"",""7.805363"",""-2018.290032"",""0.204242"",""0.971066"",""0.123759"""
"""NODE"",""-449.941864"",""7.851467"",""-2018.781908"",""0.223381"",""0.966596"",""0.125674"""
"""NODE"",""-449.864264"",""7.897939"",""-2019.273658"",""0.243064"",""0.961121"",""0.131017"""
"""NODE"",""-449.785165"",""7.946277"",""-2019.764989"",""0.263057"",""0.954589"",""0.139859"""
"""NODE"",""-449.703664"",""7.997973"",""-2020.255584"",""0.283143"",""0.946929"",""0.152166"""
"""NODE"",""-449.61893"",""8.054475"",""-2020.745097"",""0.303155"",""0.938062"",""0.167742"""
"""NODE"",""-449.530176"",""8.117112"",""-2021.233148"",""0.32285"",""0.92789"",""0.186517"""
"""NODE"",""-449.436321"",""8.18715"",""-2021.719232"",""0.342011"",""0.916287"",""0.20844"""
"""NODE"",""-449.336372"",""8.265635"",""-2022.202802"",""0.360617"",""0.903204"",""0.232762"""
"""NODE"",""-449.229606"",""8.353293"",""-2022.683328"",""0.378639"",""0.888594"",""0.258906"""
"""NODE"",""-449.115404"",""8.450663"",""-2023.160257"",""0.395915"",""0.872397"",""0.286662"""
"""NODE"",""-448.993115"",""8.558258"",""-2023.632963"",""0.412168"",""0.854504"",""0.316133"""
"""NODE"",""-448.862025"",""8.676681"",""-2024.100695"",""0.42716"",""0.834855"",""0.347206"""
"""NODE"",""-448.721851"",""8.806186"",""-2024.562821"",""0.441382"",""0.813667"",""0.378323"""
"""NODE"",""-448.572294"",""8.946453"",""-2025.018822"",""0.45471"",""0.790962"",""0.409413"""
"""NODE"",""-448.412864"",""9.097224"",""-2025.468074"",""0.46683"",""0.766706"",""0.440717"""
"""NODE"",""-448.243013"",""9.258267"",""-2025.909878"",""0.477552"",""0.740917"",""0.472214"""
"""NODE"",""-448.062249"",""9.429268"",""-2026.343538"",""0.486885"",""0.713716"",""0.50354"""
"""NODE"",""-447.870292"",""9.609702"",""-2026.768477"",""0.495116"",""0.68538"",""0.533961"""
"""NODE"",""-447.667162"",""9.798773"",""-2027.18437"",""0.502458"",""0.656175"",""0.563002"""
"""NODE"",""-447.452868"",""9.995617"",""-2027.59095"",""0.508791"",""0.626202"",""0.590765"""
"""NODE"",""-447.227318"",""10.199356"",""-2027.987932"",""0.514018"",""0.595587"",""0.617302"""
"""NODE"",""-446.990417"",""10.409046"",""-2028.375084"",""0.518203"",""0.564549"",""0.642457"""
"""NODE"",""-446.742169"",""10.623619"",""-2028.752328"",""0.521598"",""0.533386"",""0.665909"""
"""NODE"",""-446.482624"",""10.841789"",""-2029.119777"",""0.524485"",""0.502425"",""0.687376"""
"""NODE"",""-446.212009"",""11.062157"",""-2029.47781"",""0.527207"",""0.472041"",""0.706562"""
"""NODE"",""-445.930732"",""11.283359"",""-2029.827005"",""0.529865"",""0.44245"",""0.72352"""
"""NODE"",""-445.63919"",""11.504143"",""-2030.167951"",""0.532253"",""0.413712"",""0.738613"""
"""NODE"",""-445.337693"",""11.72341"",""-2030.501131"",""0.534314"",""0.385942"",""0.752035"""
"""NODE"",""-445.026685"",""11.939961"",""-2030.827273"",""0.536735"",""0.359619"",""0.763276"""
"""NODE"",""-444.706642"",""12.152252"",""-2031.147419"",""0.539599"",""0.33503"",""0.772391"""
"""NODE"",""-444.377989"",""12.358768"",""-2031.462581"",""0.542721"",""0.312396"",""0.779655"""
"""NODE"",""-444.041168"",""12.55811"",""-2031.773711"",""0.545919"",""0.291947"",""0.785327"""
"""NODE"",""-443.69663"",""12.748984"",""-2032.081686"",""0.549045"",""0.273921"",""0.789631"""
"""NODE"",""-443.344853"",""12.930185"",""-2032.38731"",""0.552069"",""0.258642"",""0.792669"""
"""NODE"",""-442.986441"",""13.100479"",""-2032.691492"",""0.555411"",""0.246557"",""0.794184"""
"""NODE"",""-442.622079"",""13.258577"",""-2032.995184"",""0.559018"",""0.237969"",""0.794273"""
"""NODE"",""-442.252451"",""13.403252"",""-2033.2992"",""0.56279"",""0.233159"",""0.793035"""
"""NODE"",""-441.878237"",""13.533317"",""-2033.604201"",""0.566668"",""0.232428"",""0.790484"""
"""NODE"",""-441.500105"",""13.647585"",""-2033.910691"",""0.570638"",""0.236093"",""0.786532"""
"""NODE"",""-441.11877"",""13.744985"",""-2034.219027"",""0.574767"",""0.244382"",""0.780974"""
"""NODE"",""-440.735067"",""13.824956"",""-2034.529431"",""0.578879"",""0.257074"",""0.773829"""
"""NODE"",""-440.349675"",""13.887618"",""-2034.841716"",""0.582404"",""0.273777"",""0.765409"""
"""NODE"",""-439.963118"",""13.93323"",""-2035.155515"",""0.585537"",""0.294288"",""0.755341"""
"""NODE"",""-439.575888"",""13.961918"",""-2035.470483"",""0.588496"",""0.318392"",""0.743168"""
"""NODE"",""-439.188463"",""13.97376"",""-2035.786295"",""0.591424"",""0.34582"",""0.728441"""
"""NODE"",""-438.801319"",""13.968877"",""-2036.102637"",""0.594344"",""0.376236"",""0.710775"""
"""NODE"",""-438.414911"",""13.947543"",""-2036.4192"",""0.597178"",""0.409205"",""0.689877"""
"""NODE"",""-438.029584"",""13.910406"",""-2036.735624"",""0.599096"",""0.444305"",""0.666091"""
"""NODE"",""-437.645389"",""13.857951"",""-2037.051256"",""0.599995"",""0.480977"",""0.639271"""
"""NODE"",""-437.262306"",""13.790824"",""-2037.365461"",""0.599646"",""0.518791"",""0.609327"""
"""NODE"",""-436.880281"",""13.709718"",""-2037.67765"",""0.597924"",""0.557276"",""0.576134"""
"""NODE"",""-436.499236"",""13.615356"",""-2037.987305"",""0.594734"",""0.595944"",""0.539576"""
"""NODE"",""-436.119097"",""13.508468"",""-2038.293991"",""0.589968"",""0.634299"",""0.499603"""
"""NODE"",""-435.739773"",""13.389743"",""-2038.597314"",""0.583515"",""0.671821"",""0.456253"""
"""NODE"",""-435.361141"",""13.259936"",""-2038.896942"",""0.575166"",""0.708016"",""0.409752"""
"""NODE"",""-434.983066"",""13.119834"",""-2039.192612"",""0.56482"",""0.742405"",""0.360296"""
"""NODE"",""-434.605422"",""12.970221"",""-2039.484148"",""0.552439"",""0.774527"",""0.308089"""
"""NODE"",""-434.228104"",""12.811806"",""-2039.771425"",""0.538115"",""0.803909"",""0.253304"""
"""NODE"",""-433.851119"",""12.645314"",""-2040.054544"",""0.521594"",""0.830272"",""0.196436"""
"""NODE"",""-433.474457"",""12.471585"",""-2040.333719"",""0.502919"",""0.853243"",""0.138018"""
"""NODE"",""-433.098172"",""12.291394"",""-2040.609286"",""0.482159"",""0.872571"",""0.078378"""
"""NODE"",""-432.722376"",""12.105334"",""-2040.881601"",""0.459428"",""0.888035"",""0.017913"""
"""NODE"",""-432.347232"",""11.913931"",""-2041.151099"",""0.434746"",""0.899537"",""-0.042776"""
"""NODE"",""-431.972921"",""11.717728"",""-2041.418294"",""0.408096"",""0.907113"",""-0.102969"""
"""NODE"",""-431.599717"",""11.517274"",""-2041.68388"",""0.379535"",""0.91088"",""-0.162024"""
"""NODE"",""-431.228056"",""11.313142"",""-2041.948826"",""0.349014"",""0.911135"",""-0.219141"""
"""NODE"",""-430.85832"",""11.10591"",""-2042.214061"",""0.31662"",""0.908206"",""-0.273703"""
"""NODE"",""-430.49085"",""10.896065"",""-2042.480387"",""0.282603"",""0.902375"",""-0.325353"""
"""NODE"",""-430.12598"",""10.683952"",""-2042.748485"",""0.247298"",""0.893898"",""-0.373884"""
"""NODE"",""-429.764186"",""10.46981"",""-2043.019125"",""0.210774"",""0.883316"",""-0.41872"""
"""NODE"",""-429.406085"",""10.254057"",""-2043.293373"",""0.173034"",""0.871303"",""-0.459229"""
"""NODE"",""-429.052211"",""10.037106"",""-2043.572123"",""0.134398"",""0.85824"",""-0.49534"""
"""NODE"",""-428.703086"",""9.819296"",""-2043.85614"",""0.095189"",""0.844493"",""-0.527039"""
"""NODE"",""-428.359202"",""9.600923"",""-2044.146056"",""0.055732"",""0.830403"",""-0.554369"""
"""NODE"",""-428.021007"",""9.382256"",""-2044.442371"",""0.016359"",""0.816274"",""-0.577433"""
"""NODE"",""-427.688964"",""9.163544"",""-2044.74553"",""-0.022744"",""0.802531"",""-0.596177"""
"""NODE"",""-427.363619"",""8.945143"",""-2045.056082"",""-0.061424"",""0.789615"",""-0.61052"""
"""NODE"",""-427.045475"",""8.727446"",""-2045.374487"",""-0.099378"",""0.777731"",""-0.620691"""
"""NODE"",""-426.73502"",""8.510819"",""-2045.701104"",""-0.136324"",""0.767054"",""-0.626932"""
"""NODE"",""-426.432742"",""8.295617"",""-2046.036222"",""-0.172013"",""0.757754"",""-0.62946"""
"""NODE"",""-426.139138"",""8.082197"",""-2046.380075"",""-0.206232"",""0.749999"",""-0.628466"""
"""NODE"",""-425.854711"",""7.87094"",""-2046.73286"",""-0.238771"",""0.743916"",""-0.624161"""
"""NODE"",""-425.579981"",""7.662234"",""-2047.094731"",""-0.269434"",""0.739618"",""-0.616742"""
"""NODE"",""-425.315338"",""7.456438"",""-2047.465671"",""-0.297932"",""0.736988"",""-0.6067"""
"""NODE"",""-425.060928"",""7.254076"",""-2047.845549"",""-0.324365"",""0.736002"",""-0.594212"""
"""NODE"",""-424.816828"",""7.055761"",""-2048.234225"",""-0.348872"",""0.736558"",""-0.579457"""
"""NODE"",""-424.583137"",""6.862146"",""-2048.631571"",""-0.371593"",""0.738539"",""-0.562565"""
"""NODE"",""-424.359977"",""6.673919"",""-2049.037467"",""-0.392664"",""0.741811"",""-0.543627"""
"""NODE"",""-424.1475"",""6.491804"",""-2049.451799"",""-0.412221"",""0.746234"",""-0.522694"""
"""NODE"",""-423.945892"",""6.316568"",""-2049.874442"",""-0.430327"",""0.751585"",""-0.499938"""
"""NODE"",""-423.755243"",""6.148817"",""-2050.305129"",""-0.446863"",""0.757446"",""-0.476014"""
"""NODE"",""-423.575575"",""5.988944"",""-2050.743465"",""-0.461909"",""0.763634"",""-0.451114"""
"""NODE"",""-423.406956"",""5.837361"",""-2051.189077"",""-0.475632"",""0.770058"",""-0.425188"""
"""NODE"",""-423.249484"",""5.69452"",""-2051.641602"",""-0.488175"",""0.776597"",""-0.398223"""
"""NODE"",""-423.103272"",""5.560884"",""-2052.10067"",""-0.499655"",""0.783106"",""-0.370256"""
"""NODE"",""-422.968422"",""5.436911"",""-2052.565883"",""-0.510171"",""0.789421"",""-0.341378"""
"""NODE"",""-422.845001"",""5.323017"",""-2053.03681"",""-0.519825"",""0.79538"",""-0.311694"""
"""NODE"",""-422.733028"",""5.219567"",""-2053.512979"",""-0.528673"",""0.800782"",""-0.28152"""
"""NODE"",""-422.632516"",""5.12687"",""-2053.993899"",""-0.536873"",""0.805541"",""-0.250741"""
"""NODE"",""-422.543479"",""5.0452"",""-2054.479059"",""-0.544523"",""0.809499"",""-0.21956"""
"""NODE"",""-422.466045"",""4.974666"",""-2054.96794"",""-0.551628"",""0.812609"",""-0.188079"""
"""NODE"",""-422.400437"",""4.915257"",""-2055.46002"",""-0.558118"",""0.814896"",""-0.156362"""
"""NODE"",""-422.346862"",""4.866941"",""-2055.954766"",""-0.563931"",""0.816394"",""-0.124433"""
"""NODE"",""-422.305524"",""4.829683"",""-2056.451637"",""-0.569002"",""0.817142"",""-0.092282"""
"""NODE"",""-422.27663"",""4.803459"",""-2056.950087"",""-0.573268"",""0.817177"",""-0.059885"""
"""NODE"",""-422.260395"",""4.788258"",""-2057.449567"",""-0.576657"",""0.816533"",""-0.027203"""
"""NODE"",""-422.256951"",""4.784055"",""-2057.949515"",""-0.579111"",""0.81523"",""0.005552"""
"""NODE"",""-422.266394"",""4.790817"",""-2058.449358"",""-0.580563"",""0.813308"",""0.038442"""
"""NODE"",""-422.288843"",""4.808531"",""-2058.948514"",""-0.580948"",""0.810794"",""0.071501"""
"""NODE"",""-422.324425"",""4.837194"",""-2059.446396"",""-0.580196"",""0.807715"",""0.104732"""
"""NODE"",""-422.373261"",""4.876798"",""-2059.942401"",""-0.578239"",""0.804094"",""0.138105"""
"""NODE"",""-422.435461"",""4.927328"",""-2060.435915"",""-0.575011"",""0.799957"",""0.171555"""
"""NODE"",""-422.511106"",""4.988743"",""-2060.926301"",""-0.570457"",""0.795337"",""0.204982"""
"""NODE"",""-422.600245"",""5.060973"",""-2061.412931"",""-0.564507"",""0.790256"",""0.238384"""
"""NODE"",""-422.702894"",""5.144009"",""-2061.895156"",""-0.557074"",""0.784721"",""0.271811"""
"""NODE"",""-422.819062"",""5.237999"",""-2062.372279"",""-0.548058"",""0.778703"",""0.305375"""
"""NODE"",""-422.948659"",""5.343021"",""-2062.843603"",""-0.537457"",""0.772258"",""0.33876"""
"""NODE"",""-423.09153"",""5.459069"",""-2063.308457"",""-0.525257"",""0.765433"",""0.371776"""
"""NODE"",""-423.247485"",""5.58609"",""-2063.766187"",""-0.511433"",""0.758269"",""0.404308"""
"""NODE"",""-423.416318"",""5.724005"",""-2064.21613"",""-0.495943"",""0.750789"",""0.436298"""
"""NODE"",""-423.597826"",""5.872734"",""-2064.657608"",""-0.478718"",""0.742994"",""0.467749"""
"""NODE"",""-423.791833"",""6.032219"",""-2065.08992"",""-0.459659"",""0.734849"",""0.498708"""
"""NODE"",""-423.998203"",""6.202433"",""-2065.512307"",""-0.438733"",""0.726391"",""0.529027"""
"""NODE"",""-424.216758"",""6.383348"",""-2065.923977"",""-0.415796"",""0.717515"",""0.558825"""
"""NODE"",""-424.447134"",""6.574674"",""-2066.324337"",""-0.391297"",""0.708716"",""0.587033"""
"""NODE"",""-424.688857"",""6.776119"",""-2066.71287"",""-0.365112"",""0.699952"",""0.613808"""
"""NODE"",""-424.941461"",""6.987424"",""-2067.089051"",""-0.337205"",""0.691224"",""0.639142"""
"""NODE"",""-425.204443"",""7.208383"",""-2067.452354"",""-0.307569"",""0.6825"",""0.663019"""
"""NODE"",""-425.477287"",""7.438823"",""-2067.802242"",""-0.2762"",""0.673747"",""0.685404"""
"""NODE"",""-425.759472"",""7.67859"",""-2068.138174"",""-0.243101"",""0.664921"",""0.706245"""
"""NODE"",""-426.050462"",""7.927545"",""-2068.4596"",""-0.208279"",""0.655979"",""0.725474"""
"""NODE"",""-426.349685"",""8.185572"",""-2068.765966"",""-0.171722"",""0.646819"",""0.743059"""
"""NODE"",""-426.656641"",""8.452374"",""-2069.056763"",""-0.134068"",""0.638195"",""0.758111"""
"""NODE"",""-426.970702"",""8.727318"",""-2069.331972"",""-0.095514"",""0.630282"",""0.770469"""
"""NODE"",""-427.291279"",""9.009857"",""-2069.591536"",""-0.055954"",""0.622921"",""0.780281"""
"""NODE"",""-427.617837"",""9.299592"",""-2069.835234"",""-0.015279"",""0.615919"",""0.787662"""
"""NODE"",""-427.949866"",""9.596169"",""-2070.062765"",""0.026438"",""0.609281"",""0.792514"""
"""NODE"",""-428.286865"",""9.899184"",""-2070.273914"",""0.068871"",""0.603333"",""0.79451"""
"""NODE"",""-428.628312"",""10.208071"",""-2070.468791"",""0.111434"",""0.598781"",""0.793123"""
"""NODE"",""-428.973503"",""10.522345"",""-2070.647819"",""0.15443"",""0.595013"",""0.78874"""
"""NODE"",""-429.322156"",""10.841478"",""-2070.810832"",""0.19755"",""0.592411"",""0.78104"""
"""NODE"",""-429.674015"",""11.16473"",""-2070.958078"",""0.240181"",""0.591647"",""0.769588"""
"""NODE"",""-430.028715"",""11.4914"",""-2071.09019"",""0.282079"",""0.59287"",""0.754279"""
"""NODE"",""-430.385829"",""11.82096"",""-2071.207841"",""0.323291"",""0.595778"",""0.735208"""
"""NODE"",""-430.744927"",""12.153059"",""-2071.311484"",""0.363915"",""0.599943"",""0.712485"""
"""NODE"",""-431.105801"",""12.487257"",""-2071.40129"",""0.403452"",""0.605713"",""0.685812"""
"""NODE"",""-431.468427"",""12.822896"",""-2071.477673"",""0.441377"",""0.613434"",""0.654894"""
"""NODE"",""-431.83272"",""13.159417"",""-2071.541163"",""0.47745"",""0.622959"",""0.619649"""
"""NODE"",""-432.198588"",""13.496338"",""-2071.592281"",""0.511377"",""0.634125"",""0.579982"""
"""NODE"",""-432.565937"",""13.833236"",""-2071.631562"",""0.542811"",""0.646751"",""0.535788"""
"""NODE"",""-432.934678"",""14.169741"",""-2071.659578"",""0.571347"",""0.660634"",""0.486956"""
"""NODE"",""-433.304718"",""14.505535"",""-2071.677001"",""0.596623"",""0.675403"",""0.433442"""
"""NODE"",""-433.675886"",""14.840454"",""-2071.684423"",""0.618533"",""0.690283"",""0.3754"""
"""NODE"",""-434.04804"",""15.174352"",""-2071.682054"",""0.636571"",""0.704925"",""0.312823"""
"""NODE"",""-434.421084"",""15.507052"",""-2071.670145"",""0.650101"",""0.719029"",""0.245694"""
"""NODE"",""-434.794934"",""15.838395"",""-2071.649143"",""0.65855"",""0.732118"",""0.17411"""
"""NODE"",""-435.169487"",""16.168311"",""-2071.619815"",""0.661552"",""0.74342"",""0.098359"""
"""NODE"",""-435.544582"",""16.496908"",""-2071.583433"",""0.659077"",""0.751835"",""0.019017"""
"""NODE"",""-435.920046"",""16.824365"",""-2071.541051"",""0.650864"",""0.756553"",""-0.063273"""
"""NODE"",""-436.295771"",""17.150806"",""-2071.493455"",""0.636745"",""0.756774"",""-0.147812"""
"""NODE"",""-436.671688"",""17.476368"",""-2071.441554"",""0.616669"",""0.751725"",""-0.233727"""
"""NODE"",""-437.047811"",""17.801158"",""-2071.386394"",""0.59064"",""0.740733"",""-0.320092"""
"""NODE"",""-437.424286"",""18.12517"",""-2071.329102"",""0.558679"",""0.723248"",""-0.405944"""
"""NODE"",""-437.801462"",""18.448203"",""-2071.270898"",""0.520954"",""0.69877"",""-0.490233"""
"""NODE"",""-438.179822"",""18.769923"",""-2071.213109"",""0.478166"",""0.666724"",""-0.571696"""
"""NODE"",""-438.559845"",""19.089948"",""-2071.156852"",""0.430788"",""0.626874"",""-0.649193"""
"""NODE"",""-438.942202"",""19.407636"",""-2071.103221"",""0.379446"",""0.579105"",""-0.721566"""
"""NODE"",""-439.327738"",""19.722068"",""-2071.053317"",""0.325094"",""0.523398"",""-0.787635"""
"""NODE"",""-439.717417"",""20.032081"",""-2071.008204"",""0.269017"",""0.459883"",""-0.846249"""
"""NODE"",""-440.112231"",""20.336328"",""-2070.968875"",""0.212794"",""0.388909"",""-0.896364"""
"""NODE"",""-440.513095"",""20.63336"",""-2070.936214"",""0.158"",""0.311097"",""-0.937152"""
"""NODE"",""-440.920805"",""20.921652"",""-2070.910861"",""0.105851"",""0.227334"",""-0.968047"""
"""NODE"",""-441.336101"",""21.199494"",""-2070.893196"",""0.05748"",""0.138661"",""-0.98867"""
"""NODE"",""-441.759638"",""21.464998"",""-2070.88334"",""0.013963"",""0.046241"",""-0.998833"""
"""NODE"",""-442.191958"",""21.716122"",""-2070.881136"",""-0.023694"",""-0.048654"",""-0.998535"""
"""NODE"",""-442.633523"",""21.950549"",""-2070.886139"",""-0.05436"",""-0.144631"",""-0.987991"""
"""NODE"",""-443.08448"",""22.166095"",""-2070.897816"",""-0.076802"",""-0.2401"",""-0.967705"""
"""NODE"",""-443.544475"",""22.361145"",""-2070.915594"",""-0.090785"",""-0.333517"",""-0.938363"""
"""NODE"",""-444.012946"",""22.534212"",""-2070.938681"",""-0.096389"",""-0.423531"",""-0.900739"""
"""NODE"",""-444.489163"",""22.683911"",""-2070.966101"",""-0.093818"",""-0.50889"",""-0.855704"""
"""NODE"",""-444.972237"",""22.808976"",""-2070.996723"",""-0.08338"",""-0.588482"",""-0.8042"""
"""NODE"",""-445.461125"",""22.9083"",""-2071.029316"",""-0.065576"",""-0.661379"",""-0.74718"""
"""NODE"",""-445.95464"",""22.980958"",""-2071.062592"",""-0.040775"",""-0.726694"",""-0.68575"""
"""NODE"",""-446.451411"",""23.026541"",""-2071.095464"",""-0.010055"",""-0.783936"",""-0.62076"""
"""NODE"",""-446.950021"",""23.044865"",""-2071.126873"",""0.025777"",""-0.832708"",""-0.553112"""
"""NODE"",""-447.449037"",""23.035971"",""-2071.155814"",""0.06582"",""-0.872776"",""-0.483663"""
"""NODE"",""-447.947034"",""23.000063"",""-2071.181323"",""0.109208"",""-0.904053"",""-0.413233"""
"""NODE"",""-448.442595"",""22.937476"",""-2071.202462"",""0.155109"",""-0.926577"",""-0.342632"""
"""NODE"",""-448.934318"",""22.848635"",""-2071.218302"",""0.202861"",""-0.940485"",""-0.272645"""
"""NODE"",""-449.420871"",""22.734159"",""-2071.22813"",""0.251405"",""-0.946213"",""-0.203657"""
"""NODE"",""-449.900973"",""22.594723"",""-2071.231017"",""0.300231"",""-0.944053"",""-0.136472"""
"""NODE"",""-450.373364"",""22.431128"",""-2071.226145"",""0.348733"",""-0.934483"",""-0.071604"""
"""NODE"",""-450.836861"",""22.244235"",""-2071.212805"",""0.396395"",""-0.918031"",""-0.009515"""
"""NODE"",""-451.290358"",""22.034975"",""-2071.19042"",""0.442692"",""-0.895311"",""0.049417"""
"""NODE"",""-451.73281"",""21.8044"",""-2071.158536"",""0.4871"",""-0.867021"",""0.104921"""
"""NODE"",""-452.163298"",""21.55365"",""-2071.116762"",""0.529282"",""-0.833841"",""0.156748"""
"""NODE"",""-452.580956"",""21.283857"",""-2071.06455"",""0.569219"",""-0.796334"",""0.204551"""
"""NODE"",""-452.984911"",""20.996144"",""-2071.001378"",""0.606849"",""-0.75511"",""0.248079"""
"""NODE"",""-453.374341"",""20.69163"",""-2070.926833"",""0.642126"",""-0.710775"",""0.287182"""
"""NODE"",""-453.748483"",""20.37142"",""-2070.840593"",""0.675019"",""-0.663937"",""0.321772"""
"""NODE"",""-454.106594"",""20.036642"",""-2070.742457"",""0.705382"",""-0.615285"",""0.351939"""
"""NODE"",""-454.448052"",""19.688539"",""-2070.632119"",""0.733662"",""-0.56514"",""0.377303"""
"""NODE"",""-454.772227"",""19.328217"",""-2070.509513"",""0.759564"",""-0.514254"",""0.398252"""
"""NODE"",""-455.078566"",""18.956869"",""-2070.374562"",""0.783327"",""-0.462989"",""0.414778"""
"""NODE"",""-455.366499"",""18.575531"",""-2070.227516"",""0.80508"",""-0.411591"",""0.427129"""
"""NODE"",""-455.63543"",""18.185168"",""-2070.068636"",""0.825022"",""-0.360135"",""0.435479"""
"""NODE"",""-455.884652"",""17.786679"",""-2069.898189"",""0.843271"",""-0.308669"",""0.44002"""
"""NODE"",""-456.113379"",""17.380967"",""-2069.716454"",""0.859937"",""-0.257172"",""0.440875"""
"""NODE"",""-456.32113"",""16.968973"",""-2069.523978"",""0.874508"",""-0.206489"",""0.438859"""
"""NODE"",""-456.507578"",""16.551783"",""-2069.321132"",""0.887243"",""-0.156432"",""0.43397"""
"""NODE"",""-456.672288"",""16.130456"",""-2069.108281"",""0.898257"",""-0.106863"",""0.426281"""
"""NODE"",""-456.814765"",""15.706034"",""-2068.88577"",""0.907584"",""-0.057677"",""0.41589"""
"""NODE"",""-456.9345"",""15.279598"",""-2068.653899"",""0.915333"",""-0.008419"",""0.402609"""
"""NODE"",""-457.031078"",""14.852146"",""-2068.413247"",""0.920844"",""0.038949"",""0.38798"""
"""NODE"",""-457.104663"",""14.424815"",""-2068.164414"",""0.924489"",""0.085298"",""0.371543"""
"""NODE"",""-457.155411"",""13.998586"",""-2067.908076"",""0.926241"",""0.130329"",""0.353684"""
"""NODE"",""-457.183445"",""13.574466"",""-2067.644845"",""0.926167"",""0.174199"",""0.334469"""
"""NODE"",""-457.188889"",""13.153437"",""-2067.375302"",""0.924292"",""0.216915"",""0.314057"""
"""NODE"",""-457.171928"",""12.73644"",""-2067.100009"",""0.920635"",""0.258464"",""0.292623"""
"""NODE"",""-457.1328"",""12.32436"",""-2066.819628"",""0.915227"",""0.298662"",""0.270482"""
"""NODE"",""-457.071957"",""11.917934"",""-2066.534903"",""0.90817"",""0.33716"",""0.248092"""
"""NODE"",""-456.990041"",""11.517789"",""-2066.246565"",""0.899591"",""0.37387"",""0.225736"""
"""NODE"",""-456.887748"",""11.124499"",""-2065.955326"",""0.889557"",""0.409001"",""0.203484"""
"""NODE"",""-456.765605"",""10.73862"",""-2065.661836"",""0.878031"",""0.44297"",""0.181215"""
"""NODE"",""-456.624025"",""10.360676"",""-2065.36674"",""0.865125"",""0.475583"",""0.159313"""
"""NODE"",""-456.463611"",""9.991063"",""-2065.070733"",""0.850905"",""0.506874"",""0.137984"""
"""NODE"",""-456.284987"",""9.630104"",""-2064.774482"",""0.835447"",""0.536873"",""0.117451"""
"""NODE"",""-456.08879"",""9.278055"",""-2064.478612"",""0.818854"",""0.565581"",""0.097962"""
"""NODE"",""-455.875752"",""8.935077"",""-2064.183734"",""0.801326"",""0.592866"",""0.079923"""
"""NODE"",""-455.646689"",""8.601241"",""-2063.890387"",""0.782632"",""0.619281"",""0.063071"""
"""NODE"",""-455.402039"",""8.276805"",""-2063.599081"",""0.762667"",""0.645049"",""0.04745"""
"""NODE"",""-455.142249"",""7.962064"",""-2063.31025"",""0.741484"",""0.670147"",""0.033246"""
"""NODE"",""-454.868016"",""7.657291"",""-2063.024097"",""0.719325"",""0.694367"",""0.020633"""
"""NODE"",""-454.580131"",""7.362667"",""-2062.740737"",""0.696393"",""0.717595"",""0.009657"""
"""NODE"",""-454.2794"",""7.078315"",""-2062.460234"",""0.672776"",""0.739847"",""0.000239"""
"""NODE"",""-453.966528"",""6.804471"",""-2062.182562"",""0.648273"",""0.761366"",""-0.008012"""
"""NODE"",""-453.64211"",""6.541471"",""-2061.907675"",""0.62291"",""0.782146"",""-0.015212"""
"""NODE"",""-453.306744"",""6.289599"",""-2061.635523"",""0.596844"",""0.802073"",""-0.021349"""
"""NODE"",""-452.961081"",""6.049024"",""-2061.36604"",""0.570366"",""0.820969"",""-0.026296"""
"""NODE"",""-452.60587"",""5.819776"",""-2061.099106"",""0.543562"",""0.838827"",""-0.030145"""
"""NODE"",""-452.241778"",""5.602026"",""-2060.834521"",""0.516175"",""0.855837"",""-0.033277"""
"""NODE"",""-451.869371"",""5.396022"",""-2060.572113"",""0.488376"",""0.871903"",""-0.035697"""
"""NODE"",""-451.489271"",""5.201857"",""-2060.311718"",""0.460385"",""0.886933"",""-0.037365"""
"""NODE"",""-451.102106"",""5.019539"",""-2060.05317"",""0.432304"",""0.900912"",""-0.038352"""
"""NODE"",""-450.708471"",""4.849066"",""-2059.796312"",""0.404175"",""0.913859"",""-0.038777"""
"""NODE"",""-450.308934"",""4.690412"",""-2059.540998"",""0.376151"",""0.925751"",""-0.038676"""
"""NODE"",""-449.904105"",""4.543426"",""-2059.287038"",""0.348402"",""0.936572"",""-0.038064"""
"""NODE"",""-449.494559"",""4.407989"",""-2059.034221"",""0.320917"",""0.94638"",""-0.037114"""
"""NODE"",""-449.080835"",""4.283968"",""-2058.78235"",""0.293804"",""0.955191"",""-0.0359"""
"""NODE"",""-448.663461"",""4.171158"",""-2058.53123"",""0.267262"",""0.963009"",""-0.034426"""
"""NODE"",""-448.242968"",""4.069239"",""-2058.280656"",""0.241535"",""0.969842"",""-0.032669"""
"""NODE"",""-447.819871"",""3.977853"",""-2058.0304"",""0.216534"",""0.975787"",""-0.030863"""
"""NODE"",""-447.39461"",""3.896698"",""-2057.780284"",""0.192416"",""0.980884"",""-0.029039"""
"""NODE"",""-446.967616"",""3.825338"",""-2057.530131"",""0.169449"",""0.985165"",""-0.027162"""
"""NODE"",""-446.539308"",""3.763228"",""-2057.279755"",""0.147831"",""0.98869"",""-0.02525"""
"""NODE"",""-446.110083"",""3.709755"",""-2057.028955"",""0.127688"",""0.991539"",""-0.023376"""
"""NODE"",""-445.680288"",""3.664283"",""-2056.777552"",""0.109082"",""0.993797"",""-0.02163"""
"""NODE"",""-445.250164"",""3.626177"",""-2056.525486"",""0.091905"",""0.995565"",""-0.020106"""
"""NODE"",""-444.819881"",""3.59491"",""-2056.27275"",""0.076101"",""0.996923"",""-0.018801"""
"""NODE"",""-444.38959"",""3.569835"",""-2056.019338"",""0.062021"",""0.997922"",""-0.01746"""
"""NODE"",""-443.959434"",""3.550091"",""-2055.765224"",""0.049867"",""0.998629"",""-0.015918"""
"""NODE"",""-443.529533"",""3.534791"",""-2055.510371"",""0.039556"",""0.999116"",""-0.014197"""
"""NODE"",""-443.099973"",""3.523138"",""-2055.254751"",""0.030878"",""0.999446"",""-0.012396"""
"""NODE"",""-442.670807"",""3.514463"",""-2054.998352"",""0.0236"",""0.999665"",""-0.01062"""
"""NODE"",""-442.242061"",""3.508222"",""-2054.74118"",""0.017505"",""0.999807"",""-0.00896"""
"""NODE"",""-441.813744"",""3.50398"",""-2054.483254"",""0.012404"",""0.999895"",""-0.007483"""
"""NODE"",""-441.385849"",""3.501393"",""-2054.224605"",""0.008143"",""0.999947"",""-0.006232"""
"""NODE"",""-440.958362"",""3.500183"",""-2053.965273"",""0.004594"",""0.999976"",""-0.00523"""
"""NODE"",""-440.531259"",""3.500016"",""-2053.705306"",""0.002464"",""0.999989"",""-0.003976"""
"""NODE"",""-440.10453"",""3.500007"",""-2053.444724"",""0.001565"",""0.999996"",""-0.002533"""
"""NODE"",""-439.678147"",""3.500002"",""-2053.183578"",""0.000903"",""0.999999"",""-0.001461"""
"""NODE"",""-439.252067"",""3.500001"",""-2052.921938"",""0.000444"",""1.0"",""-0.000718"""
"""NODE"",""-438.826249"",""3.5"",""-2052.659871"",""0.00016"",""1.0"",""-0.000259"""
"""NODE"",""-438.40065"",""3.5"",""-2052.397448"",""0.000023"",""1.0"",""-0.000038"""
"""NODE"",""-437.975222"",""3.5"",""-2052.134749"",""0.0"",""1.0"",""0.0"""
"""NODE"",""-437.549829"",""3.5"",""-2051.871994"",""0.0"",""1.0"",""0.0"""
"""NODE"",""-437.124435"",""3.5"",""-2051.609238"",""0.0"",""1.0"",""0.0"""
"""NODE"",""-436.699042"",""3.5"",""-2051.346482"",""0.0"",""1.0"",""0.0"""
"""NODE"",""-436.273649"",""3.5"",""-2051.083727"",""0.0"",""1.0"",""0.0"""
"""NODE"",""-435.848255"",""3.5"",""-2050.820971"",""0.0"",""1.0"",""0.0"""
"""NODE"",""-435.422862"",""3.5"",""-2050.558216"",""0.0"",""1.0"",""0.0"""
"""NODE"",""-434.997469"",""3.5"",""-2050.29546"",""0.0"",""1.0"",""0.0"""
"""NODE"",""-434.572075"",""3.5"",""-2050.032705"",""0.0"",""1.0"",""0.0"""
"""NODE"",""-434.146682"",""3.5"",""-2049.769949"",""0.0"",""1.0"",""0.0"""
"""NODE"",""-433.721288"",""3.5"",""-2049.507194"",""0.0"",""1.0"",""0.0"""
"""NODE"",""-433.295895"",""3.5"",""-2049.244438"",""0.0"",""1.0"",""0.0"""
"""NODE"",""-432.870501"",""3.5"",""-2048.981683"",""0.0"",""1.0"",""0.0"""
"""NODE"",""-432.445108"",""3.5"",""-2048.718927"",""0.0"",""1.0"",""0.0"""
"""NODE"",""-432.019715"",""3.5"",""-2048.456172"",""0.0"",""1.0"",""0.0"""
"""NODE"",""-431.594321"",""3.5"",""-2048.193416"",""0.0"",""1.0"",""0.0"""
"""NODE"",""-431.168928"",""3.5"",""-2047.930661"",""0.0"",""1.0"",""0.0"""
"""NODE"",""-430.743534"",""3.5"",""-2047.667905"",""0.0"",""1.0"",""0.0"""
"""NODE"",""-430.318141"",""3.5"",""-2047.40515"",""0.0"",""1.0"",""0.0"""
"""NODE"",""-429.892747"",""3.5"",""-2047.142394"",""0.0"",""1.0"",""0.0"""
"""NODE"",""-429.467354"",""3.5"",""-2046.879639"",""0.0"",""1.0"",""0.0"""
"""NODE"",""-429.041961"",""3.5"",""-2046.616883"",""0.0"",""1.0"",""0.0"""
"""NODE"",""-428.616567"",""3.5"",""-2046.354128"",""0.0"",""1.0"",""0.0"""
"""NODE"",""-428.191174"",""3.5"",""-2046.091372"",""0.0"",""1.0"",""0.0"""
"""NODE"",""-427.765781"",""3.5"",""-2045.828617"",""0.0"",""1.0"",""0.0"""
"""NODE"",""-427.340387"",""3.5"",""-2045.565861"",""0.0"",""1.0"",""0.0"""
"""NODE"",""-426.914994"",""3.5"",""-2045.303105"",""0.0"",""1.0"",""0.0"""
"""NODE"",""-426.489601"",""3.5"",""-2045.04035"",""0.0"",""1.0"",""0.0"""
"""NODE"",""-426.064207"",""3.5"",""-2044.777594"",""0.0"",""1.0"",""0.0"""
"""NODE"",""-425.638811"",""3.5"",""-2044.514843"",""-0.000003"",""1.0"",""0.000002"""
"""NODE"",""-425.213251"",""3.499996"",""-2044.252358"",""-0.000032"",""1.0"",""0.000232"""
"""NODE"",""-424.787217"",""3.499853"",""-2043.990643"",""-0.000062"",""0.999999"",""0.001108"""
"""NODE"",""-424.360484"",""3.499466"",""-2043.730069"",""-0.000442"",""0.999996"",""0.002709"""
"""NODE"",""-423.932851"",""3.498819"",""-2043.470977"",""-0.001331"",""0.999985"",""0.005233"""
"""NODE"",""-423.504119"",""3.497907"",""-2043.213707"",""-0.002888"",""0.999956"",""0.008876"""
"""NODE"",""-423.074102"",""3.49677"",""-2042.958591"",""-0.005336"",""0.999891"",""0.013793"""
"""SIGN"",""LINES"",""[!train]"",""launch 20"",""1.2"","""""
"""NODE"",""-422.642648"",""3.495565"",""-2042.705915"",""-0.009099"",""0.999758"",""0.020007"""
"""SIGN"",""LINES"",""[!train]"",""property"",""maxspeed"",""95kmh"""
"""NODE"",""-422.209699"",""3.494767"",""-2042.455808"",""-0.015139"",""0.999516"",""0.02717"""
"""SIGN"",""LINES"",""[!train]"",""launch 0"",""0.68"","""""
"""NODE"",""-421.775436"",""3.495615"",""-2042.20799"",""-0.025168"",""0.999092"",""0.034379"""
"""NODE"",""-421.340269"",""3.500174"",""-2041.961805"",""-0.039679"",""0.998351"",""0.041494"""
"""NODE"",""-420.904565"",""3.510205"",""-2041.716737"",""-0.058368"",""0.997102"",""0.048803"""
"""NODE"",""-420.468987"",""3.527773"",""-2041.471877"",""-0.082343"",""0.995061"",""0.055435"""
"""NODE"",""-420.034609"",""3.555431"",""-2041.225828"",""-0.111403"",""0.991901"",""0.061012"""
"""NODE"",""-419.602457"",""3.595087"",""-2040.977525"",""-0.144752"",""0.98729"",""0.06561"""
"""NODE"",""-419.174057"",""3.648965"",""-2040.725433"",""-0.182964"",""0.98076"",""0.068079"""
"""NODE"",""-418.750821"",""3.718923"",""-2040.468626"",""-0.224264"",""0.972067"",""0.069214"""
"""NODE"",""-418.334173"",""3.806173"",""-2040.206419"",""-0.268779"",""0.960775"",""0.068326"""
"""NODE"",""-417.925995"",""3.912491"",""-2039.938001"",""-0.316632"",""0.94635"",""0.064537"""
"""NODE"",""-417.527805"",""4.038959"",""-2039.663407"",""-0.365184"",""0.929017"",""0.059732"""
"""NODE"",""-417.141046"",""4.185511"",""-2039.382542"",""-0.414377"",""0.908535"",""0.053437"""
"""NODE"",""-416.767657"",""4.352474"",""-2039.095041"",""-0.464191"",""0.884592"",""0.044986"""
"""NODE"",""-416.409465"",""4.539812"",""-2038.800871"",""-0.513099"",""0.857592"",""0.035566"""
"""NODE"",""-416.06811"",""4.746565"",""-2038.499749"",""-0.561044"",""0.827422"",""0.024533"""
"""NODE"",""-415.745522"",""4.971961"",""-2038.191414"",""-0.607337"",""0.79435"",""0.01225"""
"""NODE"",""-415.443143"",""5.214665"",""-2037.875834"",""-0.651293"",""0.758826"",""-0.000841"""
"""NODE"",""-415.162279"",""5.473132"",""-2037.552944"",""-0.692708"",""0.721064"",""-0.014884"""
"""NODE"",""-414.904222"",""5.745685"",""-2037.222719"",""-0.731276"",""0.681431"",""-0.02979"""
"""NODE"",""-414.669927"",""6.030488"",""-2036.885185"",""-0.766732"",""0.640358"",""-0.045417"""
"""NODE"",""-414.460172"",""6.325517"",""-2036.54036"",""-0.798931"",""0.598245"",""-0.061746"""
"""NODE"",""-414.275378"",""6.628674"",""-2036.188399"",""-0.827555"",""0.55595"",""-0.077932"""
"""NODE"",""-414.115505"",""6.937765"",""-2035.829432"",""-0.852664"",""0.513933"",""-0.094005"""
"""NODE"",""-413.980123"",""7.250508"",""-2035.463641"",""-0.874319"",""0.472823"",""-0.109567"""
"""NODE"",""-413.868439"",""7.564788"",""-2035.091208"",""-0.892556"",""0.433697"",""-0.123495"""
"""NODE"",""-413.779426"",""7.878171"",""-2034.711959"",""-0.907848"",""0.396241"",""-0.137129"""
"""NODE"",""-413.711228"",""8.188417"",""-2034.32588"",""-0.920259"",""0.362232"",""-0.148023"""
"""NODE"",""-413.662121"",""8.493086"",""-2033.932526"",""-0.930272"",""0.331536"",""-0.157091"""
"""NODE"",""-413.630468"",""8.789892"",""-2033.531442"",""-0.938221"",""0.304224"",""-0.16489"""
"""NODE"",""-413.614394"",""9.076666"",""-2033.122216"",""-0.944459"",""0.281215"",""-0.170046"""
"""NODE"",""-413.611601"",""9.350918"",""-2032.704191"",""-0.949259"",""0.262924"",""-0.172565"""
"""NODE"",""-413.619557"",""9.610195"",""-2032.276783"",""-0.95291"",""0.249681"",""-0.172108"""
"""NODE"",""-413.635688"",""9.85211"",""-2031.839546"",""-0.955581"",""0.241575"",""-0.16884"""
"""NODE"",""-413.657966"",""10.074419"",""-2031.392292"",""-0.957265"",""0.238126"",""-0.164133"""
"""NODE"",""-413.685093"",""10.275186"",""-2030.93523"",""-0.957936"",""0.23924"",""-0.158501"""
"""NODE"",""-413.715941"",""10.452589"",""-2030.46884"",""-0.957555"",""0.245151"",""-0.151624"""
"""NODE"",""-413.749361"",""10.60497"",""-2029.993866"",""-0.956124"",""0.255609"",""-0.143148"""
"""NODE"",""-413.78465"",""10.731769"",""-2029.511561"",""-0.953561"",""0.269572"",""-0.134358"""
"""NODE"",""-413.82163"",""10.833003"",""-2029.023375"",""-0.949873"",""0.286687"",""-0.124709"""
"""NODE"",""-413.860134"",""10.908405"",""-2028.530653"",""-0.945049"",""0.306518"",""-0.113709"""
"""NODE"",""-413.900025"",""10.958361"",""-2028.034812"",""-0.939042"",""0.328528"",""-0.10134"""
"""NODE"",""-413.941361"",""10.983011"",""-2027.537185"",""-0.931848"",""0.352157"",""-0.087438"""
"""NODE"",""-413.984231"",""10.983142"",""-2027.039075"",""-0.923482"",""0.37683"",""-0.07197"""
"""NODE"",""-414.028762"",""10.959606"",""-2026.541665"",""-0.913931"",""0.402089"",""-0.055276"""
"""NODE"",""-414.075312"",""10.913094"",""-2026.046058"",""-0.903322"",""0.42734"",""-0.037281"""
"""NODE"",""-414.12415"",""10.844683"",""-2025.553213"",""-0.891731"",""0.452189"",""-0.018439"""
"""NODE"",""-414.175652"",""10.755685"",""-2025.063935"",""-0.879388"",""0.476106"",""0.000637"""
"""NODE"",""-414.230511"",""10.647654"",""-2024.578868"",""-0.866415"",""0.498963"",""0.019005"""
"""NODE"",""-414.289256"",""10.522187"",""-2024.098472"",""-0.85311"",""0.520413"",""0.037066"""
"""NODE"",""-414.352217"",""10.380711"",""-2023.623079"",""-0.839643"",""0.54046"",""0.05387"""
"""NODE"",""-414.420108"",""10.225732"",""-2023.152595"",""-0.826231"",""0.559331"",""0.067018"""
"""NODE"",""-414.494152"",""10.05992"",""-2022.686751"",""-0.813024"",""0.577265"",""0.075871"""
"""NODE"",""-414.575735"",""9.885709"",""-2022.225249"",""-0.800125"",""0.594461"",""0.080101"""
"""NODE"",""-414.666457"",""9.705427"",""-2021.767804"",""-0.787421"",""0.611329"",""0.079024"""
"""NODE"",""-414.768199"",""9.52114"",""-2021.314291"",""-0.774453"",""0.628417"",""0.072901"""
"""NODE"",""-414.882864"",""9.335001"",""-2020.864638"",""-0.760779"",""0.646071"",""0.0617"""
"""NODE"",""-415.012224"",""9.149227"",""-2020.418844"",""-0.745916"",""0.664463"",""0.045808"""
"""NODE"",""-415.157872"",""8.965996"",""-2019.977045"",""-0.729379"",""0.68363"",""0.025606"""
"""NODE"",""-415.321279"",""8.78735"",""-2019.53961"",""-0.710734"",""0.703459"",""0.00168"""
"""NODE"",""-415.503666"",""8.615226"",""-2019.107096"",""-0.689549"",""0.723791"",""-0.025462"""
"""NODE"",""-415.706004"",""8.45142"",""-2018.680264"",""-0.665629"",""0.744267"",""-0.054815"""
"""NODE"",""-415.928826"",""8.297691"",""-2018.259943"",""-0.638814"",""0.764574"",""-0.085692"""
"""NODE"",""-416.172211"",""8.155598"",""-2017.847011"",""-0.608962"",""0.784467"",""-0.117373"""
"""NODE"",""-416.43605"",""8.026548"",""-2017.442428"",""-0.57584"",""0.803761"",""-0.14959"""
"""NODE"",""-416.720314"",""7.912059"",""-2017.047437"",""-0.539247"",""0.822242"",""-0.182016"""
"""NODE"",""-417.024601"",""7.813084"",""-2016.663319"",""-0.500027"",""0.839479"",""-0.212714"""
"""NODE"",""-417.34777"",""7.730023"",""-2016.291016"",""-0.458381"",""0.855406"",""-0.24118"""
"""NODE"",""-417.688796"",""7.663597"",""-2015.93155"",""-0.414005"",""0.87004"",""-0.267637"""
"""NODE"",""-418.046685"",""7.614342"",""-2015.585964"",""-0.367892"",""0.883287"",""-0.29062"""
"""NODE"",""-418.419843"",""7.582656"",""-2015.25477"",""-0.318785"",""0.895174"",""-0.311513"""
"""NODE"",""-418.807095"",""7.568666"",""-2014.938901"",""-0.268558"",""0.9057"",""-0.328"""
"""NODE"",""-419.206964"",""7.572197"",""-2014.638848"",""-0.217338"",""0.914988"",""-0.339944"""
"""NODE"",""-419.618"",""7.592927"",""-2014.354999"",""-0.16506"",""0.923103"",""-0.347327"""
"""NODE"",""-420.038899"",""7.630823"",""-2014.087883"",""-0.111379"",""0.929948"",""-0.350416"""
"""NODE"",""-420.468497"",""7.68558"",""-2013.838105"",""-0.057745"",""0.935759"",""-0.347879"""
"""NODE"",""-420.905275"",""7.756548"",""-2013.605424"",""-0.004835"",""0.940488"",""-0.339793"""
"""NODE"",""-421.347767"",""7.843054"",""-2013.389372"",""0.046914"",""0.944078"",""-0.326368"""
"""NODE"",""-421.794592"",""7.944457"",""-2013.189311"",""0.097087"",""0.946434"",""-0.307955"""
"""NODE"",""-422.244515"",""8.06012"",""-2013.004506"",""0.145152"",""0.94752"",""-0.284845"""
"""NODE"",""-422.696598"",""8.18905"",""-2012.834304"",""0.189826"",""0.947646"",""-0.256774"""
"""NODE"",""-423.150193"",""8.329674"",""-2012.677927"",""0.230222"",""0.947038"",""-0.223869"""
"""NODE"",""-423.604835"",""8.480342"",""-2012.53447"",""0.265841"",""0.945783"",""-0.186612"""
"""NODE"",""-424.060293"",""8.639269"",""-2012.403003"",""0.29594"",""0.944071"",""-0.145429"""
"""NODE"",""-424.516573"",""8.804396"",""-2012.282461"",""0.319719"",""0.942136"",""-0.100799"""
"""NODE"",""-424.9739"",""8.973433"",""-2012.171691"",""0.336755"",""0.940081"",""-0.05333"""
"""NODE"",""-425.432746"",""9.143947"",""-2012.069813"",""0.346425"",""0.93807"",""-0.003871"""
"""NODE"",""-425.893766"",""9.313118"",""-2011.975814"",""0.347987"",""0.936325"",""0.046912"""
"""NODE"",""-426.357726"",""9.477693"",""-2011.888354"",""0.341181"",""0.934871"",""0.098035"""
"""NODE"",""-426.825384"",""9.634252"",""-2011.806042"",""0.326268"",""0.933621"",""0.147991"""
"""NODE"",""-427.297281"",""9.779705"",""-2011.727679"",""0.304364"",""0.932318"",""0.195309"""
"""NODE"",""-427.773862"",""9.910821"",""-2011.652473"",""0.275453"",""0.931172"",""0.238839"""
"""NODE"",""-428.255303"",""10.024206"",""-2011.579506"",""0.240173"",""0.930289"",""0.277271"""
"""NODE"",""-428.741304"",""10.116802"",""-2011.507498"",""0.200686"",""0.929646"",""0.309005"""
"""NODE"",""-429.23107"",""10.186589"",""-2011.435301"",""0.158641"",""0.929444"",""0.333117"""
"""NODE"",""-429.723644"",""10.232375"",""-2011.363009"",""0.113777"",""0.929825"",""0.349972"""
"""NODE"",""-430.217937"",""10.253212"",""-2011.290966"",""0.068989"",""0.930575"",""0.359542"""
"""NODE"",""-430.712673"",""10.2507"",""-2011.218942"",""0.027418"",""0.931745"",""0.362076"""
"""NODE"",""-431.206793"",""10.226743"",""-2011.146586"",""-0.011329"",""0.933493"",""0.358417"""
"""NODE"",""-431.699473"",""10.183709"",""-2011.073187"",""-0.045109"",""0.935986"",""0.349136"""
"""NODE"",""-432.190249"",""10.124995"",""-2010.99785"",""-0.072589"",""0.939452"",""0.334903"""
"""NODE"",""-432.679047"",""10.054465"",""-2010.919793"",""-0.0936"",""0.943995"",""0.316405"""
"""NODE"",""-433.166011"",""9.975636"",""-2010.838263"",""-0.108888"",""0.949494"",""0.294287"""
"""NODE"",""-433.651664"",""9.892587"",""-2010.753158"",""-0.115929"",""0.956165"",""0.268903"""
"""NODE"",""-434.136751"",""9.81014"",""-2010.664329"",""-0.114992"",""0.963741"",""0.240791"""
"""NODE"",""-434.621891"",""9.73241"",""-2010.571638"",""-0.106997"",""0.971767"",""0.210288"""
"""NODE"",""-435.107543"",""9.66319"",""-2010.474995"",""-0.092405"",""0.979718"",""0.177801"""
"""NODE"",""-435.593896"",""9.605462"",""-2010.374423"",""-0.072947"",""0.986948"",""0.143567"""
"""NODE"",""-436.081096"",""9.562251"",""-2010.27075"",""-0.047481"",""0.993028"",""0.107891"""
"""NODE"",""-436.569012"",""9.536491"",""-2010.164706"",""-0.01772"",""0.997309"",""0.071137"""
"""NODE"",""-437.057318"",""9.529851"",""-2010.057589"",""0.015214"",""0.999326"",""0.033404"""
"""NODE"",""-437.545584"",""9.544556"",""-2009.951071"",""0.052147"",""0.998628"",""-0.004719"""
"""NODE"",""-438.032922"",""9.581846"",""-2009.845896"",""0.090011"",""0.995008"",""-0.043102"""
"""NODE"",""-438.518627"",""9.642348"",""-2009.744002"",""0.130331"",""0.988173"",""-0.080801"""
"""NODE"",""-439.001838"",""9.7258"",""-2009.646534"",""0.168781"",""0.97859"",""-0.117788"""
"""NODE"",""-439.481931"",""9.831047"",""-2009.55491"",""0.205608"",""0.966528"",""-0.153458"""
"""NODE"",""-439.958311"",""9.957158"",""-2009.470552"",""0.242736"",""0.95185"",""-0.187245"""
"""NODE"",""-440.430114"",""10.103869"",""-2009.394177"",""0.277844"",""0.935323"",""-0.219027"""
"""NODE"",""-440.897015"",""10.269322"",""-2009.326398"",""0.309915"",""0.917793"",""-0.248211"""
"""NODE"",""-441.35902"",""10.451266"",""-2009.267912"",""0.338757"",""0.899937"",""-0.274514"""
"""NODE"",""-441.816328"",""10.647501"",""-2009.219581"",""0.36441"",""0.88242"",""-0.297556"""
"""NODE"",""-442.26945"",""10.855486"",""-2009.182159"",""0.38601"",""0.866339"",""-0.316944"""
"""NODE"",""-442.719375"",""11.071996"",""-2009.156173"",""0.402034"",""0.853163"",""-0.332386"""
"""NODE"",""-443.167403"",""11.293466"",""-2009.141643"",""0.412765"",""0.843646"",""-0.343345"""
"""NODE"",""-443.614919"",""11.516421"",""-2009.138365"",""0.418066"",""0.838586"",""-0.349277"""
"""NODE"",""-444.063477"",""11.73715"",""-2009.146284"",""0.417167"",""0.83896"",""-0.349455"""
"""NODE"",""-444.514908"",""11.951215"",""-2009.165465"",""0.408641"",""0.845829"",""-0.342909"""
"""NODE"",""-444.97071"",""12.154406"",""-2009.195988"",""0.39424"",""0.85831"",""-0.32845"""
"""NODE"",""-445.431523"",""12.343985"",""-2009.237017"",""0.373545"",""0.875912"",""-0.305356"""
"""NODE"",""-445.897848"",""12.517527"",""-2009.285929"",""0.345391"",""0.897698"",""-0.273576"""
"""NODE"",""-446.369944"",""12.67328"",""-2009.339173"",""0.311015"",""0.921315"",""-0.233343"""
"""NODE"",""-446.847566"",""12.811059"",""-2009.39271"",""0.273815"",""0.943726"",""-0.185489"""
"""NODE"",""-447.330178"",""12.931552"",""-2009.443116"",""0.234938"",""0.963145"",""-0.130984"""
"""NODE"",""-447.817379"",""13.035155"",""-2009.486365"",""0.196544"",""0.977917"",""-0.07105"""
"""NODE"",""-448.30852"",""13.123155"",""-2009.518014"",""0.162106"",""0.986742"",""-0.007859"""
"""NODE"",""-448.80273"",""13.19711"",""-2009.533648"",""0.134243"",""0.989338"",""0.056465"""
"""NODE"",""-449.298838"",""13.25883"",""-2009.529347"",""0.115868"",""0.986074"",""0.119304"""
"""NODE"",""-449.795318"",""13.310581"",""-2009.501573"",""0.108534"",""0.977974"",""0.17829"""
"""NODE"",""-450.290327"",""13.354488"",""-2009.447073"",""0.111984"",""0.966316"",""0.231718"""
"""NODE"",""-450.781815"",""13.392371"",""-2009.363847"",""0.124885"",""0.95227"",""0.278543"""
"""NODE"",""-451.26759"",""13.425713"",""-2009.250604"",""0.14645"",""0.936997"",""0.317158"""
"""NODE"",""-451.745176"",""13.456263"",""-2009.106089"",""0.175943"",""0.921318"",""0.346724"""
"""NODE"",""-452.211992"",""13.48578"",""-2008.929711"",""0.211559"",""0.905959"",""0.366717"""
"""NODE"",""-452.665266"",""13.515711"",""-2008.721048"",""0.251823"",""0.891447"",""0.376707"""
"""NODE"",""-453.101902"",""13.547427"",""-2008.479716"",""0.294894"",""0.878177"",""0.37662"""
"""NODE"",""-453.519155"",""13.5818"",""-2008.206596"",""0.337522"",""0.866442"",""0.36791"""
"""NODE"",""-453.914374"",""13.619244"",""-2007.902844"",""0.379304"",""0.856506"",""0.350037"""
"""NODE"",""-454.284843"",""13.661044"",""-2007.569829"",""0.419827"",""0.84821"",""0.322933"""
"""NODE"",""-454.628246"",""13.708936"",""-2007.20976"",""0.45755"",""0.841258"",""0.287982"""
"""NODE"",""-454.942792"",""13.764193"",""-2006.82522"",""0.491286"",""0.835404"",""0.24645"""
"""NODE"",""-455.226607"",""13.827508"",""-2006.418604"",""0.519828"",""0.83055"",""0.199914"""
"""NODE"",""-455.478402"",""13.899116"",""-2005.992773"",""0.542577"",""0.826601"",""0.149469"""
"""NODE"",""-455.696753"",""13.979322"",""-2005.550305"",""0.55961"",""0.823276"",""0.095146"""
"""NODE"",""-455.879609"",""14.068531"",""-2005.093715"",""0.570757"",""0.820266"",""0.037423"""
"""NODE"",""-456.025976"",""14.166141"",""-2004.625838"",""0.574447"",""0.81829"",""-0.020311"""
"""NODE"",""-456.13543"",""14.271561"",""-2004.149602"",""0.571111"",""0.817182"",""-0.077757"""
"""NODE"",""-456.207515"",""14.384193"",""-2003.667948"",""0.560896"",""0.816942"",""-0.13417"""
"""NODE"",""-456.242041"",""14.503354"",""-2003.183721"",""0.543896"",""0.817754"",""-0.188297"""
"""NODE"",""-456.239148"",""14.628269"",""-2002.699695"",""0.520516"",""0.81959"",""-0.23945"""
"""NODE"",""-456.198818"",""14.757836"",""-2002.218582"",""0.491057"",""0.822747"",""-0.286269"""
"""NODE"",""-456.1216"",""14.89087"",""-2001.742962"",""0.456127"",""0.827441"",""-0.327551"""
"""NODE"",""-456.008515"",""15.026217"",""-2001.275225"",""0.416497"",""0.833774"",""-0.362424"""
"""NODE"",""-455.860883"",""15.162819"",""-2000.817572"",""0.373033"",""0.841566"",""-0.390657"""
"""NODE"",""-455.679773"",""15.299656"",""-2000.372179"",""0.32657"",""0.850661"",""-0.41198"""
"""SIGN"",""LINES"",""[!train]"",""property"",""maxspeed"",""65kmh"""
"""NODE"",""-455.46622"",""15.435681"",""-1999.941146"",""0.278128"",""0.861001"",""-0.425819"""
"""SIGN"",""LINES"",""[!train]"",""launch 0"",""0.1"","""""
"""NODE"",""-455.221572"",""15.569827"",""-1999.526357"",""0.228827"",""0.872537"",""-0.431645"""
"""NODE"",""-454.947472"",""15.701025"",""-1999.129422"",""0.179864"",""0.885124"",""-0.429191"""
"""NODE"",""-454.646071"",""15.828501"",""-1998.751511"",""0.132238"",""0.898282"",""-0.41905"""
"""NODE"",""-454.319197"",""15.951594"",""-1998.393864"",""0.086953"",""0.911636"",""-0.401696"""
"""NODE"",""-453.968755"",""16.069564"",""-1998.057422"",""0.045272"",""0.924961"",""-0.377356"""
"""NODE"",""-453.597137"",""16.181914"",""-1997.742475"",""0.007654"",""0.937781"",""-0.347143"""
"""NODE"",""-453.201974"",""16.286411"",""-1997.454733"",""-0.024572"",""0.949814"",""-0.31185"""
"""NODE"",""-452.784459"",""16.382041"",""-1997.197013"",""-0.050453"",""0.960878"",""-0.272337"""
"""NODE"",""-452.348933"",""16.469306"",""-1996.967632"",""-0.070194"",""0.970537"",""-0.230503"""
"""NODE"",""-451.898927"",""16.548609"",""-1996.764855"",""-0.082955"",""0.978757"",""-0.187491"""
"""NODE"",""-451.434496"",""16.61819"",""-1996.593562"",""-0.087065"",""0.985719"",""-0.144142"""
"""NODE"",""-450.957421"",""16.676757"",""-1996.456266"",""-0.082992"",""0.99121"",""-0.103029"""
"""NODE"",""-450.470883"",""16.723962"",""-1996.351624"",""-0.072176"",""0.995165"",""-0.066613"""
"""NODE"",""-449.977895"",""16.759786"",""-1996.276786"",""-0.056226"",""0.997739"",""-0.036823"""
"""NODE"",""-449.480888"",""16.784275"",""-1996.228602"",""-0.036694"",""0.999212"",""-0.015131"""
"""NODE"",""-448.981709"",""16.797463"",""-1996.204203"",""-0.014853"",""0.999886"",""-0.00269"""
"""NODE"",""-448.48176"",""16.800052"",""-1996.199895"",""-0.000493"",""1.0"",""0.000036"""
"""NODE"",""-447.98176"",""16.8"",""-1996.199978"",""0.0"",""1.0"",""-0.000015"""
"""NODE"",""-447.48176"",""16.8"",""-1996.199972"",""0.0"",""1.0"",""-0.000019"""
"""NODE"",""-446.98176"",""16.8"",""-1996.199966"",""0.0"",""1.0"",""-0.000023"""
"""NODE"",""-446.48176"",""16.8"",""-1996.199961"",""0.0"",""1.0"",""-0.000026"""
"""NODE"",""-445.98176"",""16.8"",""-1996.199956"",""0.0"",""1.0"",""-0.000029"""
"""NODE"",""-445.48176"",""16.8"",""-1996.199953"",""0.0"",""1.0"",""-0.000032"""
"""NODE"",""-444.98176"",""16.8"",""-1996.19995"",""0.0"",""1.0"",""-0.000034"""
"""NODE"",""-444.48176"",""16.8"",""-1996.199947"",""0.0"",""1.0"",""-0.000035"",""-391"",""4"",""-2005"""
"""NODE"",""-443.98176"",""16.8"",""-1996.199945"",""0.0"",""1.0"",""-0.000037"""
"""NODE"",""-443.48176"",""16.8"",""-1996.199944"",""0.0"",""1.0"",""-0.000038"""
"""NODE"",""-442.98176"",""16.8"",""-1996.199943"",""0.0"",""1.0"",""-0.000038"",""-392"",""4"",""-2014"""
"""NODE"",""-442.48176"",""16.8"",""-1996.199942"",""0.0"",""1.0"",""-0.000039"""
"""NODE"",""-441.98176"",""16.8"",""-1996.199942"",""0.0"",""1.0"",""-0.000039"""
"""NODE"",""-441.48176"",""16.8"",""-1996.199943"",""0.0"",""1.0"",""-0.000038"""
"""NODE"",""-440.98176"",""16.8"",""-1996.199943"",""0.0"",""1.0"",""-0.000038"""
"""NODE"",""-440.48176"",""16.8"",""-1996.199945"",""0.0"",""1.0"",""-0.000037"""
"""NODE"",""-439.98176"",""16.8"",""-1996.199946"",""0.0"",""1.0"",""-0.000036"""
"""SIGN"",""LINES"",""[!train]"",""station"","""","""""
"""NODE"",""-439.48176"",""16.8"",""-1996.199948"",""0.0"",""1.0"",""-0.000035"""
"""NODE"",""-438.98176"",""16.8"",""-1996.19995"",""0.0"",""1.0"",""-0.000033"""
"""NODE"",""-438.48176"",""16.8"",""-1996.199952"",""0.0"",""1.0"",""-0.000032"""
"""NODE"",""-437.98176"",""16.8"",""-1996.199954"",""0.0"",""1.0"",""-0.00003"""
"""NODE"",""-437.48176"",""16.8"",""-1996.199957"",""0.0"",""1.0"",""-0.000029"""
"""NODE"",""-436.98176"",""16.8"",""-1996.19996"",""0.0"",""1.0"",""-0.000027"""
"""NODE"",""-436.48176"",""16.8"",""-1996.199963"",""0.0"",""1.0"",""-0.000025"""
"""NODE"",""-435.98176"",""16.8"",""-1996.199966"",""0.0"",""1.0"",""-0.000023"""
"""NODE"",""-435.48176"",""16.8"",""-1996.199969"",""0.0"",""1.0"",""-0.000021"",""-396"",""4"",""-2023"""
"""SIGN"",""LINES"",""[!train]"",""launch 0"",""1"",""right"""
"""NODE"",""-434.98176"",""16.8"",""-1996.199972"",""0.0"",""1.0"",""-0.000019"",""-402"",""4"",""-2023"""
"""NODE"",""-434.48176"",""16.8"",""-1996.199975"",""0.0"",""1.0"",""-0.000017"""
"""NODE"",""-433.98176"",""16.8"",""-1996.199978"",""0.0"",""1.0"",""-0.000015"""
"""NODE"",""-433.48176"",""16.8"",""-1996.199981"",""0.0"",""1.0"",""-0.000013"""
"""NODE"",""-432.98176"",""16.8"",""-1996.199984"",""0.0"",""1.0"",""-0.000011"""
"""NODE"",""-432.48176"",""16.8"",""-1996.199986"",""0.0"",""1.0"",""-0.000009"""
"""NODE"",""-431.98176"",""16.8"",""-1996.199989"",""0.0"",""1.0"",""-0.000007"""
"""NODE"",""-431.48176"",""16.8"",""-1996.199991"",""0.0"",""1.0"",""-0.000006"""
"""NODE"",""-430.98176"",""16.8"",""-1996.199993"",""0.0"",""1.0"",""-0.000004"""
"""NODE"",""-430.48176"",""16.8"",""-1996.199995"",""0.0"",""1.0"",""-0.000003"""
"""NODE"",""-429.98176"",""16.8"",""-1996.199997"",""0.0"",""1.0"",""-0.000002"""
"""NODE"",""-429.48176"",""16.8"",""-1996.199998"",""0.0"",""1.0"",""-0.000001"""
"""NODE"",""-428.98176"",""16.8"",""-1996.199999"",""0.0"",""1.0"",""-0.000001"""
"""NODE"",""-428.48176"",""16.8"",""-1996.2"",""0.0"",""1.0"",""0.0"",""-403"",""4"",""-2023"""
"""NODE"",""-425.011134"",""16.8"",""-1996.200277"",""0.0"",""1.0"",""0.0"",""-407"",""4"",""-2021"""
"""NODE"",""-422.002298"",""16.800297"",""-1996.201749"",""-0.002686"",""0.999996"",""0.000077"""
"""NODE"",""-421.502652"",""16.803377"",""-1996.219185"",""-0.009783"",""0.999952"",""0.000483"""
"""NODE"",""-421.004181"",""16.809974"",""-1996.257235"",""-0.016408"",""0.999864"",""0.001776"""
"""NODE"",""-420.507643"",""16.819853"",""-1996.314859"",""-0.022636"",""0.999735"",""0.004125"""
"""NODE"",""-420.013756"",""16.832952"",""-1996.391489"",""-0.028576"",""0.999564"",""0.007385"""
"""NODE"",""-419.523251"",""16.849279"",""-1996.48692"",""-0.034275"",""0.999347"",""0.011424"""
"""NODE"",""-419.036902"",""16.868873"",""-1996.601151"",""-0.039752"",""0.99908"",""0.016109"""
"""NODE"",""-418.555539"",""16.891796"",""-1996.734307"",""-0.045019"",""0.998759"",""0.021311"""
"""NODE"",""-418.080057"",""16.918121"",""-1996.886585"",""-0.050091"",""0.998382"",""0.026905"""
"""NODE"",""-417.611423"",""16.947924"",""-1997.058215"",""-0.05499"",""0.997949"",""0.032767"""
"""NODE"",""-417.150679"",""16.981276"",""-1997.249428"",""-0.059743"",""0.99746"",""0.038776"""
"""NODE"",""-416.698936"",""17.018242"",""-1997.460426"",""-0.064392"",""0.996918"",""0.04482"""
"""NODE"",""-416.257367"",""17.058872"",""-1997.691342"",""-0.068993"",""0.996323"",""0.05079"""
"""NODE"",""-415.827194"",""17.103195"",""-1997.94222"",""-0.073619"",""0.99568"",""0.056587"""
"""NODE"",""-415.409658"",""17.151219"",""-1998.212975"",""-0.078358"",""0.994988"",""0.062126"""
"""SIGN"",""LINES"",""[!train]"",""property"",""maxspeed"",""10kmh"""
"""NODE"",""-415.005994"",""17.202924"",""-1998.503373"",""-0.08335"",""0.994241"",""0.06736"""
"""NODE"",""-414.616927"",""17.258157"",""-1998.812467"",""-0.087216"",""0.993656"",""0.071002"""
"""NODE"",""-414.233125"",""17.314605"",""-1999.127919"",""-0.087506"",""0.993614"",""0.071232"""
"""NODE"",""-413.849174"",""17.371021"",""-1999.443195"",""-0.087505"",""0.993614"",""0.071233"""
"""NODE"",""-413.465224"",""17.427437"",""-1999.758472"",""-0.087504"",""0.993614"",""0.071234"""
"""NODE"",""-413.081276"",""17.483853"",""-2000.073751"",""-0.087502"",""0.993614"",""0.071237"""
"""NODE"",""-412.697328"",""17.540269"",""-2000.389031"",""-0.087499"",""0.993614"",""0.071241"""
"""NODE"",""-412.313381"",""17.596685"",""-2000.704312"",""-0.087495"",""0.993614"",""0.071245"""
"""NODE"",""-411.929436"",""17.653101"",""-2001.019594"",""-0.087491"",""0.993614"",""0.07125"""
"""NODE"",""-411.545491"",""17.709517"",""-2001.334878"",""-0.087487"",""0.993614"",""0.071255"""
"""NODE"",""-411.161547"",""17.765933"",""-2001.650162"",""-0.087482"",""0.993614"",""0.071262"""
"""NODE"",""-410.777603"",""17.822349"",""-2001.965447"",""-0.087476"",""0.993614"",""0.071269"""
"""NODE"",""-410.393661"",""17.878765"",""-2002.280733"",""-0.08747"",""0.993614"",""0.071276"""
"""NODE"",""-410.009719"",""17.935181"",""-2002.59602"",""-0.087463"",""0.993614"",""0.071284"""
"""NODE"",""-409.625777"",""17.991597"",""-2002.911308"",""-0.087456"",""0.993614"",""0.071293"",""-393"",""4"",""-2023"""
"""NODE"",""-409.241837"",""18.048013"",""-2003.226596"",""-0.087449"",""0.993614"",""0.071302"""
"""NODE"",""-408.857896"",""18.104429"",""-2003.541885"",""-0.087441"",""0.993614"",""0.071311"""
"""NODE"",""-408.473957"",""18.160845"",""-2003.857174"",""-0.087433"",""0.993614"",""0.071321"""
"""NODE"",""-408.090017"",""18.217261"",""-2004.172464"",""-0.087425"",""0.993614"",""0.071331"""
"""NODE"",""-407.706078"",""18.273677"",""-2004.487755"",""-0.087416"",""0.993614"",""0.071341"""
"""NODE"",""-407.32214"",""18.330093"",""-2004.803046"",""-0.087407"",""0.993614"",""0.071352"""
"""NODE"",""-406.938201"",""18.386509"",""-2005.118337"",""-0.087398"",""0.993614"",""0.071363"""
"""NODE"",""-406.554263"",""18.442925"",""-2005.433628"",""-0.087389"",""0.993614"",""0.071374"""
"""NODE"",""-406.170325"",""18.499341"",""-2005.74892"",""-0.08738"",""0.993614"",""0.071386"""
"""NODE"",""-405.786387"",""18.555757"",""-2006.064212"",""-0.08737"",""0.993614"",""0.071397"""
"""NODE"",""-405.40245"",""18.612173"",""-2006.379504"",""-0.087361"",""0.993614"",""0.071408"""
"""NODE"",""-405.018512"",""18.668589"",""-2006.694796"",""-0.087352"",""0.993614"",""0.07142"""
"""NODE"",""-404.634574"",""18.725005"",""-2007.010088"",""-0.087342"",""0.993614"",""0.071431"""
"""NODE"",""-404.250636"",""18.781421"",""-2007.32538"",""-0.087333"",""0.993614"",""0.071443"""
"""NODE"",""-403.866698"",""18.837837"",""-2007.640672"",""-0.087323"",""0.993614"",""0.071454"""
"""NODE"",""-403.48276"",""18.894253"",""-2007.955964"",""-0.087314"",""0.993614"",""0.071465"""
"""NODE"",""-403.098822"",""18.950669"",""-2008.271255"",""-0.087305"",""0.993614"",""0.071477"""
"""NODE"",""-402.714884"",""19.007085"",""-2008.586546"",""-0.087296"",""0.993614"",""0.071487"""
"""NODE"",""-402.330945"",""19.0635"",""-2008.901837"",""-0.087288"",""0.993614"",""0.071498"""
"""NODE"",""-401.947006"",""19.119916"",""-2009.217127"",""-0.087279"",""0.993614"",""0.071508"""
"""NODE"",""-401.563066"",""19.176332"",""-2009.532417"",""-0.087271"",""0.993614"",""0.071518"""
"""NODE"",""-401.179126"",""19.232748"",""-2009.847706"",""-0.087263"",""0.993614"",""0.071528"""
"""NODE"",""-400.795186"",""19.289164"",""-2010.162995"",""-0.087255"",""0.993614"",""0.071537"""
"""NODE"",""-400.411245"",""19.345581"",""-2010.478283"",""-0.087248"",""0.993614"",""0.071546"""
"""NODE"",""-400.027303"",""19.401997"",""-2010.79357"",""-0.087241"",""0.993614"",""0.071554"""
"""NODE"",""-399.643361"",""19.458413"",""-2011.108857"",""-0.087235"",""0.993614"",""0.071562"""
"""NODE"",""-399.259418"",""19.514829"",""-2011.424142"",""-0.087229"",""0.993614"",""0.071569"""
"""NODE"",""-398.875474"",""19.571245"",""-2011.739427"",""-0.087223"",""0.993614"",""0.071576"""
"""NODE"",""-398.49153"",""19.627661"",""-2012.054711"",""-0.087218"",""0.993614"",""0.071582"""
"""NODE"",""-398.107585"",""19.684077"",""-2012.369994"",""-0.087214"",""0.993614"",""0.071588"""
"""NODE"",""-397.723639"",""19.740493"",""-2012.685276"",""-0.08721"",""0.993614"",""0.071592"""
"""NODE"",""-397.339691"",""19.796909"",""-2013.000556"",""-0.087207"",""0.993614"",""0.071596"""
"""NODE"",""-396.955743"",""19.853325"",""-2013.315836"",""-0.087204"",""0.993614"",""0.071599"""
"""NODE"",""-396.571794"",""19.909741"",""-2013.631114"",""-0.087203"",""0.993614"",""0.071602"""
"""NODE"",""-396.187844"",""19.966157"",""-2013.946391"",""-0.087201"",""0.993614"",""0.071603"""
"""NODE"",""-395.803893"",""20.022573"",""-2014.261666"",""-0.087201"",""0.993614"",""0.071603"""
"""NODE"",""-395.419933"",""20.078989"",""-2014.576931"",""-0.087207"",""0.993614"",""0.071596"""
"""NODE"",""-395.035752"",""20.135415"",""-2014.891924"",""-0.087121"",""0.993649"",""0.071216"""
"""NODE"",""-394.651077"",""20.191279"",""-2015.206415"",""-0.086232"",""0.993853"",""0.069428"""
"""NODE"",""-394.265662"",""20.246026"",""-2015.520195"",""-0.085279"",""0.994143"",""0.066386"""
"""NODE"",""-393.879183"",""20.299187"",""-2015.832937"",""-0.084228"",""0.994541"",""0.061593"""
"""SIGN"",""LINES"",""[!train]"",""launch 20"",""0.1"","""""
"""NODE"",""-393.491299"",""20.350032"",""-2016.14432"",""-0.082771"",""0.995088"",""0.054297"""
"""NODE"",""-393.101636"",""20.397371"",""-2016.45403"",""-0.080193"",""0.995836"",""0.043354"""
"""NODE"",""-392.709747"",""20.439193"",""-2016.761714"",""-0.075141"",""0.996808"",""0.026977"""
"""NODE"",""-392.315068"",""20.472225"",""-2017.066879"",""-0.065983"",""0.997816"",""0.002989"""
"""NODE"",""-391.917031"",""20.492552"",""-2017.368764"",""-0.053729"",""0.998147"",""-0.028555"""
"""NODE"",""-391.515282"",""20.497434"",""-2017.666331"",""-0.039785"",""0.996943"",""-0.067241"""
"""NODE"",""-391.109827"",""20.484295"",""-2017.958562"",""-0.024509"",""0.993228"",""-0.11357"""
"""NODE"",""-390.701446"",""20.450808"",""-2018.24503"",""-0.009274"",""0.986003"",""-0.16647"""
"""NODE"",""-390.29144"",""20.395636"",""-2018.525756"",""0.004955"",""0.974522"",""-0.224236"""
"""NODE"",""-389.881489"",""20.318874"",""-2018.801452"",""0.015127"",""0.958908"",""-0.283313"""
"""NODE"",""-389.472981"",""20.221657"",""-2019.072815"",""0.020273"",""0.939594"",""-0.341689"""
"""NODE"",""-389.067294"",""20.106093"",""-2019.341209"",""0.01886"",""0.917685"",""-0.39686"""
"""NODE"",""-388.665968"",""19.974371"",""-2019.608728"",""0.010478"",""0.894314"",""-0.447316"""
"""NODE"",""-388.269937"",""19.829606"",""-2019.877409"",""-0.004929"",""0.870553"",""-0.49205"""
"""NODE"",""-387.879741"",""19.674379"",""-2020.148775"",""-0.026201"",""0.846807"",""-0.531254"""
"""NODE"",""-387.496848"",""19.510701"",""-2020.425522"",""-0.05364"",""0.824252"",""-0.563677"""
"""NODE"",""-387.122738"",""19.340607"",""-2020.710291"",""-0.086568"",""0.803449"",""-0.589046"""
"""NODE"",""-386.758505"",""19.166213"",""-2021.005081"",""-0.124213"",""0.784771"",""-0.607211"""
"""NODE"",""-386.404763"",""18.98979"",""-2021.311219"",""-0.165501"",""0.768242"",""-0.618396"""
"""NODE"",""-386.06289"",""18.813388"",""-2021.630554"",""-0.210213"",""0.754437"",""-0.6218"""
"""NODE"",""-385.734335"",""18.638817"",""-2021.964524"",""-0.257155"",""0.742973"",""-0.61795"""
"""NODE"",""-385.420741"",""18.467575"",""-2022.314231"",""-0.305453"",""0.733694"",""-0.606953"""
"""NODE"",""-385.123953"",""18.301114"",""-2022.680506"",""-0.354143"",""0.726353"",""-0.589063"""
"""NODE"",""-384.84555"",""18.140633"",""-2023.063486"",""-0.401967"",""0.720099"",""-0.565579"""
"""NODE"",""-384.586839"",""17.986735"",""-2023.462649"",""-0.448015"",""0.71448"",""-0.537402"""
"""NODE"",""-384.349202"",""17.839865"",""-2023.877252"",""-0.491768"",""0.709528"",""-0.504711"""
"""NODE"",""-384.134048"",""17.700489"",""-2024.306446"",""-0.532909"",""0.705388"",""-0.467371"""
"""NODE"",""-383.942777"",""17.56931"",""-2024.749333"",""-0.571083"",""0.702028"",""-0.425466"""
"""NODE"",""-383.776871"",""17.447161"",""-2025.204825"",""-0.605898"",""0.699382"",""-0.379147"""
"""NODE"",""-383.636614"",""17.334573"",""-2025.671275"",""-0.636741"",""0.696328"",""-0.331192"""
"""NODE"",""-383.522564"",""17.231535"",""-2026.147001"",""-0.66361"",""0.693229"",""-0.281168"""
"""NODE"",""-383.435435"",""17.138178"",""-2026.630334"",""-0.686426"",""0.690185"",""-0.229049"""
"""NODE"",""-383.375883"",""17.054644"",""-2027.119618"",""-0.705069"",""0.687153"",""-0.175211"""
"""NODE"",""-383.344352"",""16.980967"",""-2027.613088"",""-0.719443"",""0.684044"",""-0.12036"""
"""NODE"",""-383.341097"",""16.917066"",""-2028.10889"",""-0.729523"",""0.680872"",""-0.064887"""
"""NODE"",""-383.366287"",""16.86285"",""-2028.605236"",""-0.735315"",""0.677664"",""-0.009152"""
"""NODE"",""-383.419855"",""16.818125"",""-2029.100266"",""-0.736896"",""0.674423"",""0.046242"""
"""NODE"",""-383.501571"",""16.782591"",""-2029.592178"",""-0.734367"",""0.671217"",""0.10086"""
"""NODE"",""-383.611121"",""16.755896"",""-2030.079237"",""-0.72783"",""0.668132"",""0.154479"""
"""NODE"",""-383.748031"",""16.737748"",""-2030.559703"",""-0.717387"",""0.665249"",""0.20688"""
"""NODE"",""-383.911716"",""16.727939"",""-2031.03197"",""-0.703162"",""0.66265"",""0.257796"""
"""NODE"",""-384.101513"",""16.72624"",""-2031.49448"",""-0.685334"",""0.660378"",""0.306952"""
"""NODE"",""-384.316609"",""16.732358"",""-2031.945722"",""-0.664192"",""0.658531"",""0.353815"""
"""NODE"",""-384.556059"",""16.745941"",""-2032.384369"",""-0.639798"",""0.657195"",""0.398437"""
"""NODE"",""-384.818941"",""16.766689"",""-2032.809111"",""-0.61245"",""0.656451"",""0.440427"""
"""NODE"",""-385.104154"",""16.794252"",""-2033.218776"",""-0.582518"",""0.656398"",""0.479389"""
"""NODE"",""-385.41048"",""16.828225"",""-2033.612407"",""-0.55031"",""0.657153"",""0.515081"""
"""NODE"",""-385.736712"",""16.868222"",""-2033.98913"",""-0.515922"",""0.658781"",""0.547569"""
"""NODE"",""-386.081748"",""16.913914"",""-2034.348024"",""-0.479505"",""0.661343"",""0.576802"""
"""NODE"",""-386.444385"",""16.964691"",""-2034.688401"",""-0.442122"",""0.665138"",""0.601764"""
"""NODE"",""-386.823174"",""17.019665"",""-2035.01003"",""-0.40433"",""0.670376"",""0.622184"""
"""NODE"",""-387.216768"",""17.078019"",""-2035.312744"",""-0.36626"",""0.677156"",""0.638211"""
"""NODE"",""-387.623875"",""17.139047"",""-2035.596462"",""-0.328131"",""0.685523"",""0.649914"""
"""NODE"",""-388.043234"",""17.202174"",""-2035.861246"",""-0.290169"",""0.695405"",""0.65743"""
"""NODE"",""-388.473719"",""17.266662"",""-2036.107177"",""-0.2536"",""0.707143"",""0.660027"""
"""NODE"",""-388.914139"",""17.331369"",""-2036.334796"",""-0.219226"",""0.720766"",""0.657599"""
"""NODE"",""-389.363371"",""17.394906"",""-2036.544857"",""-0.18774"",""0.736389"",""0.649989"""
"""NODE"",""-389.820347"",""17.455998"",""-2036.738284"",""-0.159485"",""0.753898"",""0.63734"""
"""NODE"",""-390.284092"",""17.513473"",""-2036.916082"",""-0.134754"",""0.773108"",""0.619794"""
"""NODE"",""-390.753709"",""17.56625"",""-2037.079338"",""-0.113841"",""0.793813"",""0.597412"""
"""NODE"",""-391.228397"",""17.613186"",""-2037.229168"",""-0.097268"",""0.815655"",""0.570304"""
"""NODE"",""-391.707408"",""17.65299"",""-2037.366816"",""-0.085437"",""0.838389"",""0.538335"""
"""NODE"",""-392.190024"",""17.684482"",""-2037.4936"",""-0.078403"",""0.861461"",""0.501735"""
"""NODE"",""-392.675581"",""17.706478"",""-2037.610798"",""-0.076343"",""0.884318"",""0.460602"""
"""NODE"",""-393.163454"",""17.717611"",""-2037.719607"",""-0.079674"",""0.906376"",""0.414891"""
"""NODE"",""-393.652964"",""17.716504"",""-2037.821404"",""-0.087479"",""0.926772"",""0.365297"""
"""NODE"",""-394.14345"",""17.703019"",""-2037.917456"",""-0.0976"",""0.944722"",""0.313008"""
"""NODE"",""-394.634404"",""17.676813"",""-2038.00834"",""-0.110709"",""0.959796"",""0.257944"""
"""NODE"",""-395.125246"",""17.63714"",""-2038.094848"",""-0.127028"",""0.971475"",""0.200249"""
"""NODE"",""-395.615274"",""17.583384"",""-2038.17831"",""-0.14549"",""0.979304"",""0.140699"""
"""NODE"",""-396.103813"",""17.515585"",""-2038.260268"",""-0.163985"",""0.98317"",""0.080528"""
"""NODE"",""-396.590385"",""17.434302"",""-2038.341664"",""-0.181133"",""0.983239"",""0.020768"""
"""NODE"",""-397.074649"",""17.34038"",""-2038.423236"",""-0.196365"",""0.979795"",""-0.037975"""
"""NODE"",""-397.556318"",""17.234457"",""-2038.505471"",""-0.210087"",""0.97301"",""-0.095472"""
"""NODE"",""-398.035027"",""17.117347"",""-2038.589812"",""-0.219334"",""0.964015"",""-0.150225"""
"""NODE"",""-398.510808"",""16.991079"",""-2038.677455"",""-0.223447"",""0.953689"",""-0.201369"""
"""NODE"",""-398.983797"",""16.857624"",""-2038.769459"",""-0.222684"",""0.942598"",""-0.24884"""
"""NODE"",""-399.454138"",""16.718696"",""-2038.866792"",""-0.217433"",""0.931192"",""-0.292582"""
"""NODE"",""-399.921929"",""16.575864"",""-2038.970546"",""-0.207594"",""0.920041"",""-0.332308"""
"""NODE"",""-400.387228"",""16.430958"",""-2039.082313"",""-0.192375"",""0.909949"",""-0.367402"""
"""NODE"",""-400.850174"",""16.286151"",""-2039.203569"",""-0.171933"",""0.90126"",""-0.397705"""
"""NODE"",""-401.310907"",""16.143596"",""-2039.33545"",""-0.146848"",""0.894032"",""-0.423253"""
"""NODE"",""-401.769507"",""16.005359"",""-2039.478844"",""-0.117813"",""0.888095"",""-0.444305"""
"""NODE"",""-402.22591"",""15.873268"",""-2039.634504"",""-0.085475"",""0.883435"",""-0.460692"""
"""NODE"",""-402.679858"",""15.748511"",""-2039.802869"",""-0.051549"",""0.879319"",""-0.473435"""
"""NODE"",""-403.130713"",""15.63194"",""-2039.984846"",""-0.015573"",""0.876051"",""-0.481967"""
"""NODE"",""-403.577758"",""15.524686"",""-2040.181363"",""0.022398"",""0.873632"",""-0.486072"""
"""NODE"",""-404.020241"",""15.427889"",""-2040.393043"",""0.061388"",""0.871736"",""-0.486114"""
"""NODE"",""-404.45737"",""15.342265"",""-2040.620102"",""0.100775"",""0.8702"",""-0.482282"""
"""NODE"",""-404.888256"",""15.268225"",""-2040.862631"",""0.139555"",""0.868811"",""-0.475071"""
"""NODE"",""-405.311989"",""15.205907"",""-2041.120566"",""0.17734"",""0.867576"",""-0.46461"""
"""NODE"",""-405.727635"",""15.15542"",""-2041.393789"",""0.21416"",""0.866589"",""-0.450732"""
"""NODE"",""-406.134132"",""15.117095"",""-2041.682318"",""0.250252"",""0.865929"",""-0.433059"""
"""NODE"",""-406.530513"",""15.091121"",""-2041.98591"",""0.283716"",""0.865421"",""-0.412979"""
"""NODE"",""-406.916178"",""15.0767"",""-2042.303746"",""0.313775"",""0.865215"",""-0.391086"""
"""NODE"",""-407.290473"",""15.073115"",""-2042.635193"",""0.340684"",""0.865538"",""-0.367121"""
"""NODE"",""-407.652707"",""15.079748"",""-2042.979734"",""0.364188"",""0.866554"",""-0.34125"""
"""NODE"",""-408.002432"",""15.095921"",""-2043.336661"",""0.384015"",""0.868363"",""-0.313812"""
"""NODE"",""-408.339375"",""15.12067"",""-2043.705204"",""0.399079"",""0.871156"",""-0.286048"""
"""NODE"",""-408.66341"",""15.15271"",""-2044.084612"",""0.409253"",""0.875046"",""-0.258469"""
"""NODE"",""-408.97494"",""15.190444"",""-2044.473849"",""0.414041"",""0.880231"",""-0.23187"""
"""NODE"",""-409.274655"",""15.232474"",""-2044.871826"",""0.413815"",""0.886699"",""-0.206207"""
"""NODE"",""-409.563214"",""15.27776"",""-2045.277617"",""0.408942"",""0.894356"",""-0.181367"""
"""NODE"",""-409.841255"",""15.325027"",""-2045.690469"",""0.398628"",""0.903305"",""-0.158546"""
"""NODE"",""-410.109806"",""15.372394"",""-2046.109549"",""0.382559"",""0.913514"",""-0.138349"""
"""NODE"",""-410.369892"",""15.41815"",""-2046.534111"",""0.361072"",""0.924701"",""-0.120647"""
"""NODE"",""-410.622438"",""15.460667"",""-2046.963537"",""0.334265"",""0.936549"",""-0.105557"""
"""NODE"",""-410.868312"",""15.498254"",""-2047.397271"",""0.302043"",""0.948707"",""-0.093412"""
"""NODE"",""-411.10847"",""15.529103"",""-2047.834723"",""0.264579"",""0.960681"",""-0.084206"""
"""NODE"",""-411.344039"",""15.552139"",""-2048.275142"",""0.22343"",""0.971716"",""-0.076471"""
"""NODE"",""-411.575788"",""15.566815"",""-2048.717939"",""0.178838"",""0.981371"",""-0.070198"""
"""NODE"",""-411.804505"",""15.572269"",""-2049.162518"",""0.130715"",""0.989234"",""-0.0658"""
"""NODE"",""-412.031206"",""15.567457"",""-2049.608134"",""0.079361"",""0.994837"",""-0.063255"""
"""NODE"",""-412.25719"",""15.551477"",""-2050.053853"",""0.025754"",""0.997758"",""-0.061775"""
"""NODE"",""-412.483696"",""15.52396"",""-2050.498741"",""-0.028659"",""0.997781"",""-0.060094"""
"""NODE"",""-412.711565"",""15.484978"",""-2050.942075"",""-0.082872"",""0.994898"",""-0.057528"""
"""NODE"",""-412.941462"",""15.434746"",""-2051.383225"",""-0.136267"",""0.989206"",""-0.053872"""
"""NODE"",""-413.173924"",""15.373408"",""-2051.821617"",""-0.188528"",""0.980832"",""-0.049252"""
"""NODE"",""-413.409473"",""15.300888"",""-2052.25664"",""-0.239238"",""0.969978"",""-0.043684"""
"""NODE"",""-413.649276"",""15.217549"",""-2052.687379"",""-0.286282"",""0.957493"",""-0.035351"""
"""NODE"",""-413.894412"",""15.124681"",""-2053.11314"",""-0.328918"",""0.944056"",""-0.023912"""
"""NODE"",""-414.145624"",""15.023537"",""-2053.533438"",""-0.367192"",""0.930093"",""-0.009815"""
"""NODE"",""-414.40349"",""14.915179"",""-2053.947869"",""-0.401252"",""0.915945"",""0.0064"""
"""NODE"",""-414.668472"",""14.800467"",""-2054.356054"",""-0.431271"",""0.901898"",""0.024201"""
"""NODE"",""-414.940976"",""14.680074"",""-2054.757595"",""-0.457332"",""0.888249"",""0.043131"""
"""NODE"",""-415.221538"",""14.554703"",""-2055.152"",""-0.478829"",""0.875599"",""0.063636"""
"""NODE"",""-415.510743"",""14.425676"",""-2055.538911"",""-0.495333"",""0.864465"",""0.085706"""
"""NODE"",""-415.809019"",""14.294391"",""-2055.9181"",""-0.507095"",""0.854985"",""0.108885"""
"""NODE"",""-416.11673"",""14.162163"",""-2056.289337"",""-0.514311"",""0.847268"",""0.132744"""
"""NODE"",""-416.43421"",""14.030255"",""-2056.65237"",""-0.517102"",""0.841409"",""0.156959"""
"""NODE"",""-416.761792"",""13.899932"",""-2057.006898"",""-0.515486"",""0.837499"",""0.181301"""
"""NODE"",""-417.099827"",""13.772529"",""-2057.352559"",""-0.509429"",""0.835588"",""0.205607"""
"""NODE"",""-417.448648"",""13.649454"",""-2057.688948"",""-0.499081"",""0.835614"",""0.229494"""
"""NODE"",""-417.808166"",""13.531717"",""-2058.01585"",""-0.485779"",""0.837018"",""0.251833"""
"""NODE"",""-418.178138"",""13.420076"",""-2058.333084"",""-0.469359"",""0.839781"",""0.272891"""
"""NODE"",""-418.558461"",""13.315581"",""-2058.640352"",""-0.449524"",""0.843846"",""0.293005"""
"""NODE"",""-418.949064"",""13.219516"",""-2058.937298"",""-0.426154"",""0.849025"",""0.312328"""
"""NODE"",""-419.34976"",""13.133257"",""-2059.223609"",""-0.399557"",""0.854989"",""0.330679"""
"""NODE"",""-419.760083"",""13.057992"",""-2059.499182"",""-0.370443"",""0.861358"",""0.347614"""
"""NODE"",""-420.179379"",""12.994627"",""-2059.764034"",""-0.339062"",""0.86789"",""0.363048"""
"""NODE"",""-420.6072"",""12.944205"",""-2060.017803"",""-0.304963"",""0.874419"",""0.377345"""
"""NODE"",""-421.043013"",""12.907646"",""-2060.260077"",""-0.268654"",""0.880659"",""0.390212"""
"""NODE"",""-421.486155"",""12.88564"",""-2060.49052"",""-0.23062"",""0.886388"",""0.40141"""
"""NODE"",""-421.935859"",""12.878644"",""-2060.708882"",""-0.191424"",""0.891451"",""0.410697"""
"""NODE"",""-422.391269"",""12.886929"",""-2060.915039"",""-0.151114"",""0.895719"",""0.418153"""
"""NODE"",""-422.851511"",""12.911047"",""-2061.108846"",""-0.109373"",""0.899012"",""0.424046"""
"""NODE"",""-423.315674"",""12.951424"",""-2061.290187"",""-0.067086"",""0.901272"",""0.428029"""
"""NODE"",""-423.782799"",""13.008034"",""-2061.459163"",""-0.024928"",""0.90252"",""0.429926"""
"""NODE"",""-424.251947"",""13.080684"",""-2061.615969"",""0.016908"",""0.902756"",""0.42982"""
"""NODE"",""-424.722228"",""13.169202"",""-2061.760777"",""0.058572"",""0.90191"",""0.427934"""
"""NODE"",""-425.192837"",""13.273509"",""-2061.893505"",""0.100483"",""0.899853"",""0.424461"""
"""NODE"",""-425.663016"",""13.393704"",""-2062.013706"",""0.142941"",""0.896475"",""0.419406"""
"""NODE"",""-426.132119"",""13.529389"",""-2062.120929"",""0.183985"",""0.892478"",""0.411866"""
"""NODE"",""-426.599548"",""13.67962"",""-2062.215318"",""0.223434"",""0.888058"",""0.401783"""
"""NODE"",""-427.064756"",""13.843579"",""-2062.297007"",""0.261503"",""0.883275"",""0.389155"""
"""NODE"",""-427.527221"",""14.020588"",""-2062.366055"",""0.298316"",""0.878166"",""0.373942"""
"""NODE"",""-427.986458"",""14.210028"",""-2062.422496"",""0.3338"",""0.87282"",""0.356039"""
"""NODE"",""-428.442035"",""14.411265"",""-2062.466388"",""0.367713"",""0.867393"",""0.335286"""
"""NODE"",""-428.893596"",""14.62358"",""-2062.497876"",""0.399653"",""0.86212"",""0.31149"""
"""NODE"",""-429.340906"",""14.846111"",""-2062.517231"",""0.429055"",""0.857338"",""0.2844"""
"""NODE"",""-429.783887"",""15.077825"",""-2062.52479"",""0.455583"",""0.853234"",""0.253841"""
"""NODE"",""-430.222541"",""15.317718"",""-2062.520812"",""0.479133"",""0.849802"",""0.219701"""
"""NODE"",""-430.656899"",""15.564868"",""-2062.505526"",""0.499503"",""0.847015"",""0.181833"""
"""NODE"",""-431.087031"",""15.818398"",""-2062.479166"",""0.516376"",""0.84483"",""0.140066"""
"""NODE"",""-431.513056"",""16.077454"",""-2062.442014"",""0.529337"",""0.843164"",""0.094221"""
"""NODE"",""-431.93515"",""16.341202"",""-2062.39445"",""0.53792"",""0.841841"",""0.044108"""
"""NODE"",""-432.353529"",""16.608884"",""-2062.337042"",""0.541931"",""0.84036"",""-0.010279"""
"""NODE"",""-432.768365"",""16.879958"",""-2062.270545"",""0.541191"",""0.838092"",""-0.068658"""
"""NODE"",""-433.179872"",""17.153989"",""-2062.195962"",""0.535517"",""0.834375"",""-0.130533"""
"""NODE"",""-433.588322"",""17.430606"",""-2062.114435"",""0.52476"",""0.828537"",""-0.19533"""
"""NODE"",""-433.994076"",""17.709424"",""-2062.027135"",""0.508666"",""0.819991"",""-0.262436"""
"""NODE"",""-434.397643"",""17.989905"",""-2061.935147"",""0.48667"",""0.808362"",""-0.331214"""
"""NODE"",""-434.799902"",""18.271175"",""-2061.839886"",""0.45916"",""0.792781"",""-0.400838"""
"""NODE"",""-435.201553"",""18.552754"",""-2061.742986"",""0.427598"",""0.772127"",""-0.470085"""
"""NODE"",""-435.603112"",""18.834275"",""-2061.645537"",""0.391891"",""0.7462"",""-0.538151"""
"""NODE"",""-436.005397"",""19.114952"",""-2061.548652"",""0.352215"",""0.714794"",""-0.604165"""
"""NODE"",""-436.409583"",""19.393598"",""-2061.45385"",""0.309986"",""0.677306"",""-0.667208"""
"""NODE"",""-436.816434"",""19.669474"",""-2061.362403"",""0.266603"",""0.633973"",""-0.725948"""
"""NODE"",""-437.226923"",""19.941388"",""-2061.275476"",""0.222406"",""0.584757"",""-0.780125"""
"""NODE"",""-437.641983"",""20.208008"",""-2061.194045"",""0.178966"",""0.530014"",""-0.828889"""
"""NODE"",""-438.062258"",""20.468228"",""-2061.118919"",""0.137411"",""0.470317"",""-0.871734"""
"""NODE"",""-438.488253"",""20.720914"",""-2061.05062"",""0.098259"",""0.406412"",""-0.908391"""
"""NODE"",""-438.92076"",""20.964252"",""-2060.989745"",""0.062455"",""0.33908"",""-0.938682"""
"""NODE"",""-439.360583"",""21.196076"",""-2060.936922"",""0.031196"",""0.26914"",""-0.962596"""
"""NODE"",""-439.808129"",""21.41449"",""-2060.892538"",""0.005368"",""0.197537"",""-0.980281"""
"""NODE"",""-440.26339"",""21.618024"",""-2060.85677"",""-0.014324"",""0.125432"",""-0.991999"""
"""NODE"",""-440.726322"",""21.804928"",""-2060.829915"",""-0.026985"",""0.053415"",""-0.998208"""
"""NODE"",""-441.196865"",""21.97298"",""-2060.812588"",""-0.031744"",""-0.017091"",""-0.99935"""
"""NODE"",""-441.674568"",""22.120274"",""-2060.805209"",""-0.028883"",""-0.085295"",""-0.995937"""
"""NODE"",""-442.158618"",""22.245324"",""-2060.808004"",""-0.018935"",""-0.150342"",""-0.988453"""
"""NODE"",""-442.647908"",""22.347146"",""-2060.821001"",""-0.002676"",""-0.211607"",""-0.977351"""
"""NODE"",""-443.141269"",""22.424549"",""-2060.84427"",""0.020466"",""-0.268113"",""-0.96317"""
"""NODE"",""-443.637321"",""22.47666"",""-2060.878159"",""0.049694"",""-0.31949"",""-0.946286"""
"""NODE"",""-444.13456"",""22.50277"",""-2060.922895"",""0.08421"",""-0.365255"",""-0.927091"""
"""NODE"",""-444.631381"",""22.502294"",""-2060.978591"",""0.123274"",""-0.405063"",""-0.90594"""
"""NODE"",""-445.126074"",""22.474697"",""-2061.045297"",""0.166256"",""-0.438583"",""-0.883178"""
"""NODE"",""-445.616811"",""22.419453"",""-2061.123051"",""0.212648"",""-0.465535"",""-0.859103"""
"""NODE"",""-446.101772"",""22.336746"",""-2061.21187"",""0.260581"",""-0.486346"",""-0.834006"""
"""NODE"",""-446.579223"",""22.2269"",""-2061.311405"",""0.309616"",""-0.500845"",""-0.808265"""
"""NODE"",""-447.047388"",""22.090347"",""-2061.421405"",""0.359367"",""-0.509053"",""-0.782126"""
"""NODE"",""-447.504509"",""21.927753"",""-2061.541897"",""0.409562"",""-0.511142"",""-0.755641"""
"""NODE"",""-447.948852"",""21.739869"",""-2061.673003"",""0.459813"",""-0.50736"",""-0.728806"""
"""NODE"",""-448.378645"",""21.527543"",""-2061.814855"",""0.509591"",""-0.498037"",""-0.701624"""
"""NODE"",""-448.79217"",""21.291731"",""-2061.967501"",""0.558561"",""-0.48341"",""-0.674036"""
"""NODE"",""-449.187911"",""21.033638"",""-2062.130936"",""0.605474"",""-0.464495"",""-0.646255"""
"""NODE"",""-449.564435"",""20.754529"",""-2062.30485"",""0.650231"",""-0.441487"",""-0.618295"""
"""NODE"",""-449.920624"",""20.455876"",""-2062.488853"",""0.692258"",""-0.415089"",""-0.590322"""
"""NODE"",""-450.255511"",""20.139169"",""-2062.682468"",""0.7314"",""-0.385705"",""-0.562393"""
"""NODE"",""-450.56819"",""19.805922"",""-2062.885192"",""0.767672"",""-0.353573"",""-0.534477"""
"""NODE"",""-450.857793"",""19.457521"",""-2063.096583"",""0.801195"",""-0.318756"",""-0.50644"""
"""NODE"",""-451.123312"",""19.095334"",""-2063.316237"",""0.832136"",""-0.281135"",""-0.478029"""
"""NODE"",""-451.363555"",""18.720631"",""-2063.543834"",""0.860508"",""-0.240679"",""-0.448999"""
"""NODE"",""-451.577574"",""18.334823"",""-2063.778972"",""0.88535"",""-0.199095"",""-0.42014"""
"""NODE"",""-451.765709"",""17.939759"",""-2064.020749"",""0.906297"",""-0.157723"",""-0.39211"""
"""NODE"",""-451.928311"",""17.537028"",""-2064.268364"",""0.923851"",""-0.116381"",""-0.364631"""
"""NODE"",""-452.065533"",""17.128103"",""-2064.521136"",""0.938382"",""-0.074841"",""-0.3374"""
"""NODE"",""-452.177401"",""16.714347"",""-2064.778482"",""0.950078"",""-0.033127"",""-0.31025"""
"""NODE"",""-452.263964"",""16.297046"",""-2065.039865"",""0.959032"",""0.008476"",""-0.283171"""
"""NODE"",""-452.325482"",""15.877473"",""-2065.304664"",""0.965292"",""0.049224"",""-0.256493"""
"""NODE"",""-452.362576"",""15.456722"",""-2065.572131"",""0.969054"",""0.089223"",""-0.230162"""
"""NODE"",""-452.375565"",""15.03579"",""-2065.841587"",""0.970468"",""0.128608"",""-0.204087"""
"""NODE"",""-452.36485"",""14.615651"",""-2066.112365"",""0.969663"",""0.16693"",""-0.17857"""
"""NODE"",""-452.331249"",""14.197169"",""-2066.383838"",""0.966861"",""0.203637"",""-0.153986"""
"""NODE"",""-452.275777"",""13.781087"",""-2066.655431"",""0.962324"",""0.238561"",""-0.130464"""
"""NODE"",""-452.199462"",""13.368056"",""-2066.926628"",""0.956288"",""0.271756"",""-0.107987"""
"""NODE"",""-452.103117"",""12.958665"",""-2067.196963"",""0.94872"",""0.304218"",""-0.085919"""
"""NODE"",""-451.987206"",""12.55351"",""-2067.465996"",""0.939773"",""0.335667"",""-0.064451"""
"""NODE"",""-451.852287"",""12.153126"",""-2067.733313"",""0.929573"",""0.366046"",""-0.043632"""
"""NODE"",""-451.699064"",""11.757968"",""-2067.998542"",""0.918316"",""0.395143"",""-0.023613"""
"""NODE"",""-451.528355"",""11.368403"",""-2068.261353"",""0.9062"",""0.422826"",""-0.004495"""
"""NODE"",""-451.341012"",""10.984715"",""-2068.521467"",""0.893289"",""0.449271"",""0.013825"""
"""NODE"",""-451.137643"",""10.607233"",""-2068.778607"",""0.879438"",""0.474958"",""0.031673"""
"""NODE"",""-450.918482"",""10.236414"",""-2069.032453"",""0.864492"",""0.500225"",""0.049272"""
"""NODE"",""-450.683912"",""9.872657"",""-2069.282723"",""0.848689"",""0.524711"",""0.066374"""
"""NODE"",""-450.434489"",""9.51626"",""-2069.529187"",""0.832257"",""0.548171"",""0.082808"""
"""NODE"",""-450.170889"",""9.167415"",""-2069.771673"",""0.815466"",""0.570377"",""0.098411"""
"""NODE"",""-449.893855"",""8.826234"",""-2070.010055"",""0.798185"",""0.591644"",""0.113393"""
"""NODE"",""-449.603852"",""8.492947"",""-2070.244145"",""0.780236"",""0.612258"",""0.127952"""
"""NODE"",""-449.301211"",""8.167853"",""-2070.473717"",""0.761615"",""0.632255"",""0.142114"""
"""NODE"",""-448.986349"",""7.851185"",""-2070.69858"",""0.742462"",""0.65152"",""0.155794"""
"""NODE"",""-448.659729"",""7.543126"",""-2070.918578"",""0.722886"",""0.669994"",""0.168949"""
"""NODE"",""-448.321838"",""7.243816"",""-2071.133576"",""0.702903"",""0.687712"",""0.181601"""
"""NODE"",""-447.973158"",""6.95338"",""-2071.343457"",""0.682739"",""0.704534"",""0.193644"""
"""NODE"",""-447.61416"",""6.671939"",""-2071.548137"",""0.662144"",""0.720716"",""0.205265"""
"""NODE"",""-447.245239"",""6.399671"",""-2071.747514"",""0.641113"",""0.736281"",""0.216483"""
"""NODE"",""-446.866759"",""6.136774"",""-2071.941476"",""0.619644"",""0.751246"",""0.227311"""
"""NODE"",""-446.479102"",""5.883416"",""-2072.129929"",""0.597867"",""0.765542"",""0.2377"""
"""NODE"",""-446.082713"",""5.639681"",""-2072.312826"",""0.576082"",""0.77901"",""0.247532"""
"""NODE"",""-445.678109"",""5.405538"",""-2072.490188"",""0.554195"",""0.791757"",""0.256883"""
"""NODE"",""-445.265696"",""5.181061"",""-2072.661973"",""0.532063"",""0.803891"",""0.265836"""
"""NODE"",""-444.845809"",""4.966389"",""-2072.828095"",""0.509653"",""0.815443"",""0.274419"""
"""NODE"",""-444.418817"",""4.761611"",""-2072.988498"",""0.487076"",""0.826375"",""0.282599"""
"""NODE"",""-443.9851"",""4.566777"",""-2073.143144"",""0.464385"",""0.836678"",""0.290372"""
"""NODE"",""-443.545035"",""4.381927"",""-2073.292002"",""0.441604"",""0.846365"",""0.297745"""
"""NODE"",""-443.098981"",""4.207106"",""-2073.435034"",""0.418613"",""0.855499"",""0.30477"""
"""NODE"",""-442.647297"",""4.04234"",""-2073.57222"",""0.39571"",""0.863982"",""0.311366"""
"""NODE"",""-442.190326"",""3.887678"",""-2073.703532"",""0.372585"",""0.871944"",""0.317639"""
"""NODE"",""-441.728386"",""3.743197"",""-2073.828925"",""0.349236"",""0.879386"",""0.323596"""
"""NODE"",""-441.26178"",""3.609004"",""-2073.948334"",""0.325628"",""0.886319"",""0.329248"""
"""NODE"",""-440.790812"",""3.48521"",""-2074.061693"",""0.301779"",""0.892736"",""0.334592"""
"""NODE"",""-440.31579"",""3.371904"",""-2074.168942"",""0.277749"",""0.898619"",""0.339616"""
"""NODE"",""-439.837037"",""3.269143"",""-2074.270041"",""0.253603"",""0.903957"",""0.344308"""
"""NODE"",""-439.354875"",""3.17697"",""-2074.364963"",""0.229328"",""0.908754"",""0.348677"""
"""NODE"",""-438.869616"",""3.095464"",""-2074.453666"",""0.204891"",""0.913017"",""0.352732"""
"""NODE"",""-438.381583"",""3.024673"",""-2074.536128"",""0.180373"",""0.916733"",""0.356462"""
"""NODE"",""-437.891101"",""2.964624"",""-2074.612332"",""0.155785"",""0.919905"",""0.35987"""
"""NODE"",""-437.398486"",""2.915354"",""-2074.682258"",""0.131084"",""0.922536"",""0.362966"""
"""NODE"",""-436.904054"",""2.876926"",""-2074.745865"",""0.10618"",""0.924631"",""0.365763"""
"""NODE"",""-436.408113"",""2.849451"",""-2074.803082"",""0.080941"",""0.926188"",""0.368272"""
"""NODE"",""-435.910973"",""2.833108"",""-2074.853798"",""0.055141"",""0.927191"",""0.370508"""
"""NODE"",""-435.41296"",""2.828093"",""-2074.897889"",""0.029302"",""0.927607"",""0.372408"""
"""NODE"",""-434.914423"",""2.834354"",""-2074.935387"",""0.00361"",""0.927438"",""0.37396"""
"""NODE"",""-434.415702"",""2.851795"",""-2074.966355"",""-0.021899"",""0.926696"",""0.375173"""
"""NODE"",""-433.917133"",""2.880358"",""-2074.990832"",""-0.047313"",""0.925387"",""0.37606"""
"""NODE"",""-433.419046"",""2.920019"",""-2075.00884"",""-0.072709"",""0.923506"",""0.376629"""
"""NODE"",""-432.921778"",""2.970786"",""-2075.020379"",""-0.09816"",""0.921045"",""0.376883"""
"""NODE"",""-432.425666"",""3.032695"",""-2075.025421"",""-0.123734"",""0.917988"",""0.376814"""
"""NODE"",""-431.931058"",""3.105805"",""-2075.023908"",""-0.1495"",""0.914316"",""0.376399"""
"""NODE"",""-431.438313"",""3.1902"",""-2075.01577"",""-0.175303"",""0.910043"",""0.37562"""
"""NODE"",""-430.947804"",""3.285944"",""-2075.000951"",""-0.201438"",""0.905104"",""0.374446"""
"""NODE"",""-430.459872"",""3.392938"",""-2074.979488"",""-0.227172"",""0.89964"",""0.372883"""
"""NODE"",""-429.974862"",""3.5111"",""-2074.951424"",""-0.252769"",""0.893607"",""0.370911"""
"""NODE"",""-429.493125"",""3.640382"",""-2074.916778"",""-0.278298"",""0.886989"",""0.368512"""
"""NODE"",""-429.015025"",""3.78076"",""-2074.875563"",""-0.303793"",""0.879771"",""0.365667"""
"""NODE"",""-428.540934"",""3.932219"",""-2074.827788"",""-0.32925"",""0.871947"",""0.362358"""
"""NODE"",""-428.071228"",""4.094737"",""-2074.773476"",""-0.354622"",""0.863522"",""0.35857"""
"""NODE"",""-427.606279"",""4.268259"",""-2074.712669"",""-0.379897"",""0.854493"",""0.354288"""
"""NODE"",""-427.146455"",""4.452714"",""-2074.645424"",""-0.404921"",""0.844914"",""0.349513"""
"""NODE"",""-426.692172"",""4.648117"",""-2074.571753"",""-0.430109"",""0.834598"",""0.344168"""
"""NODE"",""-426.243872"",""4.854501"",""-2074.491653"",""-0.455311"",""0.823578"",""0.338247"""
"""NODE"",""-425.801998"",""5.071864"",""-2074.405142"",""-0.480451"",""0.811861"",""0.331734"""
"""NODE"",""-425.366988"",""5.300171"",""-2074.312263"",""-0.50545"",""0.799463"",""0.324623"""
"""NODE"",""-424.939278"",""5.539354"",""-2074.213079"",""-0.530232"",""0.786401"",""0.316903"""
"""NODE"",""-424.519294"",""5.789317"",""-2074.107666"",""-0.554641"",""0.772752"",""0.30859"""
"""NODE"",""-424.107448"",""6.049939"",""-2073.99613"",""-0.578993"",""0.758294"",""0.299595"""
"""NODE"",""-423.704238"",""6.321176"",""-2073.878515"",""-0.603138"",""0.743084"",""0.289914"""
"""NODE"",""-423.310195"",""6.602994"",""-2073.754862"",""-0.627141"",""0.727031"",""0.2795"""
"""NODE"",""-422.925848"",""6.895318"",""-2073.625229"",""-0.650887"",""0.710164"",""0.268353"""
"""NODE"",""-422.551717"",""7.198031"",""-2073.489693"",""-0.674293"",""0.692499"",""0.256465"""
"""NODE"",""-422.188318"",""7.510986"",""-2073.348348"",""-0.697286"",""0.674048"",""0.243828"""
"""NODE"",""-421.836161"",""7.834004"",""-2073.201304"",""-0.719834"",""0.654786"",""0.230422"""
"""NODE"",""-421.495768"",""8.166888"",""-2073.04867"",""-0.741802"",""0.634792"",""0.216261"""
"""NODE"",""-421.16767"",""8.50942"",""-2072.890553"",""-0.763267"",""0.613929"",""0.201281"""
"""NODE"",""-420.852425"",""8.861365"",""-2072.727049"",""-0.784125"",""0.592234"",""0.185488"""
"""NODE"",""-420.550583"",""9.222514"",""-2072.558411"",""-0.80431"",""0.569679"",""0.168971"""
"""NODE"",""-420.262664"",""9.592672"",""-2072.385035"",""-0.823746"",""0.546227"",""0.151914"""
"""NODE"",""-419.989164"",""9.97161"",""-2072.207335"",""-0.842357"",""0.521864"",""0.134511"""
"""NODE"",""-419.730538"",""10.35905"",""-2072.025741"",""-0.860054"",""0.496613"",""0.116972"""
"""NODE"",""-419.487189"",""10.754673"",""-2071.840704"",""-0.876801"",""0.47045"",""0.099488"""
"""NODE"",""-419.259494"",""11.158112"",""-2071.652642"",""-0.892557"",""0.443369"",""0.082252"""
"""NODE"",""-419.047819"",""11.568965"",""-2071.461942"",""-0.907316"",""0.415326"",""0.065433"""
"""NODE"",""-418.852512"",""11.986817"",""-2071.269001"",""-0.921071"",""0.386273"",""0.049203"""
"""NODE"",""-418.673908"",""12.411239"",""-2071.074223"",""-0.933816"",""0.356159"",""0.033727"""
"""NODE"",""-418.512335"",""12.841786"",""-2070.878021"",""-0.945546"",""0.324925"",""0.019167"""
"""NODE"",""-418.368115"",""13.278002"",""-2070.680817"",""-0.956248"",""0.292501"",""0.00568"""
"""NODE"",""-418.241572"",""13.719416"",""-2070.483044"",""-0.965923"",""0.258744"",""-0.006615"""
"""NODE"",""-418.133021"",""14.165531"",""-2070.285133"",""-0.974448"",""0.223939"",""-0.017389"""
"""NODE"",""-418.04265"",""14.61577"",""-2070.087429"",""-0.981812"",""0.187997"",""-0.026506"""
"""NODE"",""-417.970589"",""15.069539"",""-2069.890272"",""-0.98796"",""0.150988"",""-0.033744"""
"""NODE"",""-417.916957"",""15.526241"",""-2069.694012"",""-0.992849"",""0.112845"",""-0.038948"""
"""NODE"",""-417.881886"",""15.985273"",""-2069.498991"",""-0.996412"",""0.073478"",""-0.04199"""
"""NODE"",""-417.865561"",""16.445907"",""-2069.305292"",""-0.998538"",""0.032853"",""-0.042935"""
"""NODE"",""-417.868211"",""16.907325"",""-2069.112796"",""-0.999077"",""-0.009012"",""-0.041993"""
"""NODE"",""-417.890093"",""17.368681"",""-2068.921383"",""-0.997863"",""-0.05212"",""-0.039405"""
"""NODE"",""-417.931477"",""17.829118"",""-2068.73098"",""-0.994748"",""-0.096113"",""-0.035191"""
"""NODE"",""-417.9923"",""18.28779"",""-2068.541527"",""-0.98968"",""-0.140293"",""-0.02918"""
"""NODE"",""-418.072273"",""18.74383"",""-2068.352847"",""-0.982595"",""-0.184512"",""-0.021523"""
"""NODE"",""-418.171166"",""19.196367"",""-2068.164705"",""-0.973401"",""-0.228766"",""-0.012476"""
"""NODE"",""-418.288783"",""19.644521"",""-2067.976843"",""-0.96201"",""-0.273004"",""-0.002281"""
"""NODE"",""-418.42494"",""20.0874"",""-2067.788984"",""-0.948343"",""-0.317123"",""0.008838"""
"""NODE"",""-418.579432"",""20.524096"",""-2067.600837"",""-0.932346"",""-0.360977"",""0.020674"""
"""NODE"",""-418.752014"",""20.953703"",""-2067.412105"",""-0.913997"",""-0.404372"",""0.033049"""
"""NODE"",""-418.942382"",""21.375326"",""-2067.222475"",""-0.893292"",""-0.447143"",""0.045743"""
"""NODE"",""-419.150105"",""21.788178"",""-2067.031755"",""-0.870486"",""-0.488644"",""0.059"""
"""NODE"",""-419.374547"",""22.191519"",""-2066.839625"",""-0.84564"",""-0.528805"",""0.072515"""
"""NODE"",""-419.615024"",""22.58466"",""-2066.645769"",""-0.81888"",""-0.567464"",""0.086144"""
"""NODE"",""-419.870842"",""22.966939"",""-2066.44984"",""-0.790321"",""-0.604531"",""0.099675"""
"""NODE"",""-420.141281"",""23.337726"",""-2066.251472"",""-0.760097"",""-0.639926"",""0.112901"""
"""NODE"",""-420.425596"",""23.696423"",""-2066.050284"",""-0.728365"",""-0.673574"",""0.125623"""
"""NODE"",""-420.722999"",""24.042465"",""-2065.845889"",""-0.695306"",""-0.705408"",""0.137656"""
"""NODE"",""-421.032675"",""24.375341"",""-2065.637887"",""-0.66109"",""-0.735409"",""0.148776"""
"""NODE"",""-421.353815"",""24.694591"",""-2065.425945"",""-0.625953"",""-0.763505"",""0.158882"""
"""NODE"",""-421.685616"",""24.999809"",""-2065.209784"",""-0.590125"",""-0.789682"",""0.167792"""
"""NODE"",""-422.027213"",""25.290709"",""-2064.989186"",""-0.553934"",""-0.813861"",""0.175465"""
"""NODE"",""-422.377707"",""25.567088"",""-2064.763928"",""-0.517654"",""-0.836056"",""0.181785"""
"""NODE"",""-422.736199"",""25.8288"",""-2064.53379"",""-0.481507"",""-0.856349"",""0.186592"""
"""NODE"",""-423.101809"",""26.075719"",""-2064.298551"",""-0.445665"",""-0.874872"",""0.189688"""
"""NODE"",""-423.473685"",""26.3077"",""-2064.057987"",""-0.410237"",""-0.89179"",""0.190832"""
"""NODE"",""-423.851028"",""26.524541"",""-2063.811884"",""-0.375361"",""-0.907232"",""0.189825"""
"""NODE"",""-424.233082"",""26.726158"",""-2063.560168"",""-0.341567"",""-0.921102"",""0.186823"""
"""NODE"",""-424.619055"",""26.9127"",""-2063.302866"",""-0.309202"",""-0.933454"",""0.18182"""
"""NODE"",""-425.008175"",""27.084318"",""-2063.039972"",""-0.278392"",""-0.94446"",""0.174624"""
"""NODE"",""-425.399698"",""27.241132"",""-2062.771461"",""-0.249271"",""-0.954264"",""0.165057"""
"""NODE"",""-425.792914"",""27.383235"",""-2062.497298"",""-0.221978"",""-0.96298"",""0.152956"""
"""NODE"",""-426.18713"",""27.510697"",""-2062.21743"",""-0.196668"",""-0.970686"",""0.138171"""
"""NODE"",""-426.581655"",""27.623577"",""-2061.931794"",""-0.173508"",""-0.977425"",""0.120565"""
"""NODE"",""-426.975797"",""27.721921"",""-2061.640311"",""-0.152703"",""-0.983198"",""0.100019"""
"""NODE"",""-427.368855"",""27.805786"",""-2061.342904"",""-0.134504"",""-0.98796"",""0.076446"""
"""NODE"",""-427.76014"",""27.875205"",""-2061.039499"",""-0.119068"",""-0.991642"",""0.049694"""
"""NODE"",""-428.148962"",""27.930159"",""-2060.730023"",""-0.10659"",""-0.994109"",""0.019642"""
"""NODE"",""-428.534626"",""27.970563"",""-2060.414411"",""-0.097261"",""-0.995163"",""-0.013828"""
"""NODE"",""-428.916423"",""27.996248"",""-2060.092621"",""-0.091288"",""-0.994528"",""-0.050806"""
"""NODE"",""-429.293783"",""28.006974"",""-2059.76481"",""-0.088807"",""-0.991862"",""-0.091232"""
"""NODE"",""-429.666365"",""28.002485"",""-2059.431438"",""-0.089958"",""-0.986785"",""-0.134768"""
"""NODE"",""-430.033991"",""27.98244"",""-2059.093171"",""-0.094015"",""-0.978925"",""-0.181295"""
"""NODE"",""-430.396373"",""27.946318"",""-2058.750606"",""-0.101287"",""-0.967829"",""-0.230322"""
"""NODE"",""-430.753272"",""27.893638"",""-2058.404453"",""-0.111763"",""-0.953089"",""-0.281301"""
"""NODE"",""-431.104467"",""27.824008"",""-2058.055475"",""-0.125539"",""-0.934315"",""-0.33361"""
"""NODE"",""-431.449792"",""27.737123"",""-2057.704517"",""-0.142667"",""-0.911152"",""-0.386585"""
"""NODE"",""-431.789147"",""27.632768"",""-2057.352497"",""-0.163146"",""-0.883293"",""-0.439519"""
"""NODE"",""-432.122525"",""27.510828"",""-2057.000415"",""-0.186838"",""-0.850487"",""-0.491694"""
"""NODE"",""-432.450054"",""27.371267"",""-2056.649388"",""-0.213445"",""-0.812513"",""-0.542461"""
"""NODE"",""-432.771998"",""27.214"",""-2056.300689"",""-0.242411"",""-0.769255"",""-0.591172"""
"""NODE"",""-433.088588"",""27.038989"",""-2055.955563"",""-0.273594"",""-0.720704"",""-0.636971"""
"""NODE"",""-433.400126"",""26.846357"",""-2055.61526"",""-0.306796"",""-0.66696"",""-0.679"""
"""NODE"",""-433.706987"",""26.636407"",""-2055.281005"",""-0.341773"",""-0.608232"",""-0.716412"""
"""NODE"",""-434.009639"",""26.409639"",""-2054.953976"",""-0.378223"",""-0.544839"",""-0.748397"""
"""NODE"",""-434.308655"",""26.166772"",""-2054.635263"",""-0.415838"",""-0.477185"",""-0.774192"""
"""NODE"",""-434.604862"",""25.908827"",""-2054.325909"",""-0.453565"",""-0.405818"",""-0.793468"""
"""NODE"",""-434.89916"",""25.636833"",""-2054.026938"",""-0.490913"",""-0.331253"",""-0.805777"""
"""NODE"",""-435.192457"",""25.351939"",""-2053.739207"",""-0.527327"",""-0.25422"",""-0.810739"""
"""NODE"",""-435.485673"",""25.055456"",""-2053.463344"",""-0.562309"",""-0.175491"",""-0.808091"""
"""NODE"",""-435.779707"",""24.748797"",""-2053.199747"",""-0.595349"",""-0.095891"",""-0.797724"""
"""NODE"",""-436.075396"",""24.433414"",""-2052.948584"",""-0.625977"",""-0.016272"",""-0.779672"""
"""NODE"",""-436.373477"",""24.110746"",""-2052.709805"",""-0.653768"",""0.062489"",""-0.75411"""
"""NODE"",""-436.674642"",""23.782278"",""-2052.483103"",""-0.678235"",""0.139584"",""-0.721466"""
"""NODE"",""-436.979759"",""23.449797"",""-2052.267819"",""-0.698723"",""0.214311"",""-0.682537"""
"""NODE"",""-437.289601"",""23.114993"",""-2052.06314"",""-0.714881"",""0.286013"",""-0.638077"""
"""NODE"",""-437.604746"",""22.779358"",""-2051.868146"",""-0.726508"",""0.354093"",""-0.5889"""
"""NODE"",""-437.92561"",""22.444207"",""-2051.681835"",""-0.733522"",""0.418051"",""-0.535891"""
"""NODE"",""-438.252462"",""22.1107"",""-2051.503136"",""-0.735952"",""0.477492"",""-0.479975"""
"""NODE"",""-438.585444"",""21.779846"",""-2051.33094"",""-0.733936"",""0.53214"",""-0.422096"""
"""NODE"",""-438.924577"",""21.452506"",""-2051.164112"",""-0.727765"",""0.581801"",""-0.363133"""
"""NODE"",""-439.269725"",""21.129471"",""-2051.001277"",""-0.717844"",""0.626384"",""-0.303878"""
"""NODE"",""-439.620642"",""20.811357"",""-2050.841102"",""-0.704432"",""0.666099"",""-0.245128"""
"""NODE"",""-439.977077"",""20.498579"",""-2050.682613"",""-0.68776"",""0.701306"",""-0.187502"""
"""NODE"",""-440.338822"",""20.191507"",""-2050.525001"",""-0.668055"",""0.732397"",""-0.131523"""
"""NODE"",""-440.705724"",""19.8905"",""-2050.367607"",""-0.645542"",""0.75977"",""-0.077618"""
"""NODE"",""-441.077687"",""19.595942"",""-2050.209895"",""-0.620402"",""0.783847"",""-0.026176"""
"""NODE"",""-441.454656"",""19.308215"",""-2050.051458"",""-0.593147"",""0.804769"",""0.022897"""
"""NODE"",""-441.83638"",""19.027701"",""-2049.891484"",""-0.563977"",""0.82287"",""0.069389"""
"""NODE"",""-442.222548"",""18.75475"",""-2049.729113"",""-0.533138"",""0.838415"",""0.113243"""
"""NODE"",""-442.612842"",""18.48969"",""-2049.563565"",""-0.500793"",""0.851691"",""0.154363"""
"""NODE"",""-443.006957"",""18.232849"",""-2049.394163"",""-0.46706"",""0.86298"",""0.192665"""
"""NODE"",""-443.404619"",""17.984596"",""-2049.220307"",""-0.431983"",""0.872575"",""0.228044"""
"""NODE"",""-443.805601"",""17.745393"",""-2049.04146"",""-0.395587"",""0.880735"",""0.260416"""
"""NODE"",""-444.2097"",""17.515791"",""-2048.857135"",""-0.357954"",""0.887639"",""0.289769"""
"""NODE"",""-444.616581"",""17.296122"",""-2048.666922"",""-0.31963"",""0.893099"",""0.31656"""
"""NODE"",""-445.025764"",""17.086654"",""-2048.470251"",""-0.280603"",""0.89731"",""0.34073"""
"""NODE"",""-445.436752"",""16.887689"",""-2048.266569"",""-0.240886"",""0.900412"",""0.362259"""
"""NODE"",""-445.849026"",""16.699558"",""-2048.055332"",""-0.200493"",""0.902517"",""0.381137"""
"""NODE"",""-446.262032"",""16.522617"",""-2047.836011"",""-0.159437"",""0.903707"",""0.397359"""
"""NODE"",""-446.675176"",""16.357245"",""-2047.60809"",""-0.11775"",""0.904033"",""0.410925"""
"""NODE"",""-447.087822"",""16.203831"",""-2047.371092"",""-0.075532"",""0.903489"",""0.421903"""
"""NODE"",""-447.499378"",""16.062651"",""-2047.124782"",""-0.033232"",""0.901872"",""0.430723"""
"""NODE"",""-447.90921"",""15.933805"",""-2046.86902"",""0.009068"",""0.899204"",""0.437436"""
"""NODE"",""-448.316642"",""15.817412"",""-2046.603632"",""0.051396"",""0.895532"",""0.442019"""
"""NODE"",""-448.720951"",""15.713615"",""-2046.328422"",""0.093755"",""0.890884"",""0.444451"""
"""NODE"",""-449.121361"",""15.62256"",""-2046.043191"",""0.136114"",""0.885254"",""0.444746"""
"""NODE"",""-449.517061"",""15.544361"",""-2045.747761"",""0.178393"",""0.878615"",""0.442958"""
"""NODE"",""-449.907226"",""15.479069"",""-2045.442013"",""0.220358"",""0.870886"",""0.439318"""
"""NODE"",""-450.291012"",""15.426617"",""-2045.125891"",""0.261968"",""0.862086"",""0.433797"""
"""NODE"",""-450.66773"",""15.386889"",""-2044.799578"",""0.302869"",""0.852104"",""0.426835"""
"""NODE"",""-451.036632"",""15.359677"",""-2044.463211"",""0.343062"",""0.840982"",""0.418398"""
"""NODE"",""-451.396963"",""15.344728"",""-2044.116931"",""0.382481"",""0.828742"",""0.408528"""
"""NODE"",""-451.747956"",""15.341743"",""-2043.760887"",""0.421061"",""0.815409"",""0.39726"""
"""NODE"",""-452.088835"",""15.350378"",""-2043.395234"",""0.458742"",""0.801009"",""0.384631"""
"""NODE"",""-452.418801"",""15.370233"",""-2043.020134"",""0.495471"",""0.78558"",""0.370639"""
"""NODE"",""-452.737166"",""15.400911"",""-2042.635852"",""0.53106"",""0.769119"",""0.355572"""
"""NODE"",""-453.043301"",""15.441977"",""-2042.242704"",""0.565501"",""0.751681"",""0.339389"""
"""NODE"",""-453.336609"",""15.492971"",""-2041.841026"",""0.598735"",""0.733295"",""0.322171"""
"""NODE"",""-453.616479"",""15.553381"",""-2041.431152"",""0.630723"",""0.713999"",""0.303965"""
"""NODE"",""-453.882317"",""15.622656"",""-2041.01342"",""0.661428"",""0.693829"",""0.284806"""
"""NODE"",""-454.133571"",""15.700226"",""-2040.588185"",""0.690729"",""0.672818"",""0.264972"""
"""NODE"",""-454.369588"",""15.785413"",""-2040.155735"",""0.71889"",""0.651009"",""0.243689"""
"""NODE"",""-454.589796"",""15.877717"",""-2039.716462"",""0.745677"",""0.628409"",""0.221512"""
"""NODE"",""-454.793582"",""15.976556"",""-2039.270736"",""0.771093"",""0.605052"",""0.198312"""
"""NODE"",""-454.980399"",""16.08133"",""-2038.818973"",""0.795074"",""0.580969"",""0.174161"""
"""NODE"",""-455.149744"",""16.191415"",""-2038.36162"",""0.817561"",""0.556196"",""0.149128"""
"""NODE"",""-455.301143"",""16.306142"",""-2037.899142"",""0.838548"",""0.530744"",""0.123078"""
"""NODE"",""-455.434136"",""16.424873"",""-2037.432037"",""0.857922"",""0.504676"",""0.096289"""
"""NODE"",""-455.548031"",""16.546879"",""-2036.960755"",""0.875757"",""0.477935"",""0.068033"""
"""NODE"",""-455.642205"",""16.671527"",""-2036.485827"",""0.891913"",""0.450564"",""0.038505"""
"""NODE"",""-455.716065"",""16.798161"",""-2036.007838"",""0.906278"",""0.422612"",""0.007724"""
"""NODE"",""-455.769035"",""16.926083"",""-2035.527425"",""0.918744"",""0.394106"",""-0.024291"""
"""NODE"",""-455.80053"",""17.054494"",""-2035.045266"",""0.929144"",""0.365182"",""-0.057735"""
"""NODE"",""-455.810005"",""17.182677"",""-2034.562116"",""0.93738"",""0.335908"",""-0.092114"""
"""NODE"",""-455.796971"",""17.309778"",""-2034.078756"",""0.94327"",""0.306443"",""-0.127803"""
"""NODE"",""-455.761073"",""17.435012"",""-2033.596072"",""0.946713"",""0.276958"",""-0.164406"""
"""NODE"",""-455.702069"",""17.557576"",""-2033.114985"",""0.947609"",""0.247572"",""-0.201855"""
"""NODE"",""-455.619759"",""17.67667"",""-2032.636447"",""0.94584"",""0.218415"",""-0.240168"""
"""NODE"",""-455.513914"",""17.791449"",""-2032.1615"",""0.941245"",""0.189617"",""-0.279471"""
"""NODE"",""-455.384235"",""17.90106"",""-2031.691278"",""0.933665"",""0.16129"",""-0.319773"""
"""NODE"",""-455.230703"",""18.004854"",""-2031.226941"",""0.923292"",""0.133695"",""-0.360079"""
"""NODE"",""-455.053972"",""18.102345"",""-2030.769547"",""0.910318"",""0.106976"",""-0.399847"""
"""NODE"",""-454.8545"",""18.192883"",""-2030.320154"",""0.894571"",""0.081208"",""-0.439486"""
"""NODE"",""-454.632604"",""18.275772"",""-2029.879876"",""0.875936"",""0.056514"",""-0.479105"""
"""NODE"",""-454.38864"",""18.350267"",""-2029.449905"",""0.854471"",""0.033047"",""-0.518447"""
"""NODE"",""-454.123214"",""18.415693"",""-2029.031329"",""0.830523"",""0.010965"",""-0.556877"""
"""NODE"",""-453.837179"",""18.4714"",""-2028.625086"",""0.80417"",""-0.009604"",""-0.594322"""
"""NODE"",""-453.531433"",""18.516862"",""-2028.232157"",""0.775644"",""-0.028567"",""-0.630524"""
"""NODE"",""-453.207001"",""18.55165"",""-2027.853378"",""0.74525"",""-0.045829"",""-0.665209"""
"""NODE"",""-452.865018"",""18.575392"",""-2027.489457"",""0.713261"",""-0.061318"",""-0.698211"""
"""NODE"",""-452.506695"",""18.587743"",""-2027.141037"",""0.679983"",""-0.075001"",""-0.729382"""
"""NODE"",""-452.133225"",""18.588335"",""-2026.808676"",""0.645251"",""-0.086717"",""-0.759033"""
"""NODE"",""-451.74586"",""18.57695"",""-2026.492808"",""0.610023"",""-0.096544"",""-0.78648"""
"""NODE"",""-451.346016"",""18.553407"",""-2026.193598"",""0.574599"",""-0.104464"",""-0.811741"""
"""NODE"",""-450.935111"",""18.517621"",""-2025.911059"",""0.539295"",""-0.110468"",""-0.83484"""
"""NODE"",""-450.514483"",""18.469531"",""-2025.645139"",""0.504243"",""-0.114529"",""-0.855934"""
"""NODE"",""-450.085376"",""18.409054"",""-2025.395794"",""0.469115"",""-0.116531"",""-0.875415"""
"""NODE"",""-449.648976"",""18.336153"",""-2025.162979"",""0.435327"",""-0.116712"",""-0.892675"""
"""NODE"",""-449.206573"",""18.250746"",""-2024.94631"",""0.402521"",""-0.11495"",""-0.908165"""
"""NODE"",""-448.759408"",""18.152841"",""-2024.745254"",""0.371344"",""-0.111351"",""-0.921794"""
"""NODE"",""-448.308659"",""18.042473"",""-2024.559199"",""0.342011"",""-0.105937"",""-0.933705"""
"""NODE"",""-447.85544"",""17.919721"",""-2024.38746"",""0.314728"",""-0.098726"",""-0.944034"""
"""NODE"",""-447.400763"",""17.784697"",""-2024.229323"",""0.289693"",""-0.089744"",""-0.952903"""
"""NODE"",""-446.945559"",""17.637525"",""-2024.08405"",""0.267013"",""-0.078992"",""-0.96045"""
"""NODE"",""-446.490729"",""17.478209"",""-2023.950907"",""0.246878"",""-0.066488"",""-0.966763"""
"""NODE"",""-446.037141"",""17.306742"",""-2023.829106"",""0.229532"",""-0.052268"",""-0.971897"""
"""NODE"",""-445.585572"",""17.123222"",""-2023.717824"",""0.21516"",""-0.036365"",""-0.975902"""
"""NODE"",""-445.136706"",""16.927821"",""-2023.616252"",""0.203857"",""-0.018783"",""-0.97882"""
"""NODE"",""-444.691137"",""16.720768"",""-2023.523629"",""0.195658"",""0.00049"",""-0.980672"""
"""NODE"",""-444.249382"",""16.502321"",""-2023.439271"",""0.190561"",""0.021481"",""-0.98144"""
"""NODE"",""-443.811881"",""16.272759"",""-2023.362594"",""0.188468"",""0.044247"",""-0.981082"""
"""NODE"",""-443.379025"",""16.032331"",""-2023.293211"",""0.189175"",""0.068889"",""-0.979524"""
"""NODE"",""-442.951147"",""15.781293"",""-2023.230878"",""0.192721"",""0.095396"",""-0.976605"""
"""NODE"",""-442.528489"",""15.520015"",""-2023.175386"",""0.199139"",""0.123743"",""-0.972127"""
"""NODE"",""-442.111081"",""15.249147"",""-2023.126525"",""0.208321"",""0.153762"",""-0.965898"""
"""NODE"",""-441.698746"",""14.969564"",""-2023.084068"",""0.220043"",""0.18515"",""-0.957758"""
"""NODE"",""-441.291233"",""14.682148"",""-2023.047802"",""0.234043"",""0.217597"",""-0.947563"""
"""NODE"",""-440.888237"",""14.387753"",""-2023.017516"",""0.250049"",""0.250784"",""-0.935191"""
"""NODE"",""-440.489408"",""14.087207"",""-2022.992992"",""0.267741"",""0.28441"",""-0.920557"""
"""NODE"",""-440.094234"",""13.781476"",""-2022.973997"",""0.28639"",""0.318354"",""-0.903677"""
"""NODE"",""-439.701962"",""13.471744"",""-2022.960397"",""0.305353"",""0.352483"",""-0.884599"""
"""NODE"",""-439.311897"",""13.15905"",""-2022.952092"",""0.324308"",""0.386528"",""-0.863378"""
"""NODE"",""-438.923389"",""12.844329"",""-2022.94896"",""0.34294"",""0.420239"",""-0.840114"""
"""NODE"",""-438.53581"",""12.528454"",""-2022.950848"",""0.360926"",""0.453395"",""-0.814963"""
"""NODE"",""-438.14854"",""12.212266"",""-2022.957569"",""0.377935"",""0.485817"",""-0.788129"""
"""NODE"",""-437.760954"",""11.896598"",""-2022.968903"",""0.393623"",""0.517367"",""-0.759863"""
"""NODE"",""-437.372411"",""11.582295"",""-2022.984598"",""0.407632"",""0.54795"",""-0.73047"""
"""NODE"",""-436.982281"",""11.270198"",""-2023.004401"",""0.419759"",""0.577484"",""-0.700224"""
"""NODE"",""-436.590037"",""10.961037"",""-2023.028094"",""0.429862"",""0.605826"",""-0.669472"""
"""NODE"",""-436.195211"",""10.655486"",""-2023.055435"",""0.437858"",""0.632893"",""-0.638535"""
"""NODE"",""-435.797365"",""10.354201"",""-2023.086139"",""0.443677"",""0.658625"",""-0.607754"""
"""NODE"",""-435.396107"",""10.057808"",""-2023.11989"",""0.447266"",""0.68299"",""-0.577475"""
"""NODE"",""-434.991081"",""9.766914"",""-2023.156366"",""0.448575"",""0.705991"",""-0.548048"""
"""NODE"",""-434.581968"",""9.482118"",""-2023.195261"",""0.447586"",""0.727656"",""-0.519792"""
"""NODE"",""-434.16851"",""9.203979"",""-2023.236307"",""0.444376"",""0.747932"",""-0.49308"""
"""NODE"",""-433.750673"",""8.932773"",""-2023.279357"",""0.439488"",""0.766689"",""-0.468015"""
"""NODE"",""-433.328502"",""8.668705"",""-2023.324457"",""0.432821"",""0.784193"",""-0.444643"""
"""NODE"",""-432.902019"",""8.41206"",""-2023.371768"",""0.424361"",""0.800654"",""-0.422932"""
"""NODE"",""-432.471235"",""8.163172"",""-2023.421494"",""0.414197"",""0.816196"",""-0.402822"""
"""NODE"",""-432.036184"",""7.922374"",""-2023.473826"",""0.40257"",""0.830843"",""-0.384237"""
"""NODE"",""-431.596949"",""7.68992"",""-2023.528879"",""0.389763"",""0.844583"",""-0.367103"""
"""NODE"",""-431.153606"",""7.4661"",""-2023.586695"",""0.375669"",""0.857576"",""-0.351336"""
"""NODE"",""-430.706223"",""7.251251"",""-2023.647353"",""0.360454"",""0.869832"",""-0.336847"""
"""NODE"",""-430.254922"",""7.045629"",""-2023.710899"",""0.344334"",""0.881332"",""-0.323554"""
"""NODE"",""-429.799861"",""6.849435"",""-2023.777364"",""0.327442"",""0.892091"",""-0.311375"""
"""NODE"",""-429.341215"",""6.662849"",""-2023.846786"",""0.309835"",""0.902148"",""-0.300218"""
"""NODE"",""-428.879167"",""6.486058"",""-2023.919224"",""0.291495"",""0.91156"",""-0.289982"""
"""NODE"",""-428.413903"",""6.319288"",""-2023.994769"",""0.272358"",""0.920386"",""-0.280555"""
"""NODE"",""-427.945601"",""6.162817"",""-2024.073509"",""0.252466"",""0.928638"",""-0.271831"""
"""NODE"",""-427.474465"",""6.016871"",""-2024.155477"",""0.23202"",""0.936275"",""-0.263733"""
"""NODE"",""-427.000727"",""5.881586"",""-2024.240681"",""0.211198"",""0.943273"",""-0.256186"""
"""NODE"",""-426.524642"",""5.757048"",""-2024.329118"",""0.190102"",""0.949635"",""-0.249107"""
"""NODE"",""-426.046468"",""5.643313"",""-2024.420791"",""0.168777"",""0.955382"",""-0.242405"""
"""NODE"",""-425.566471"",""5.54044"",""-2024.515713"",""0.147218"",""0.960542"",""-0.235977"""
"""NODE"",""-425.084918"",""5.44851"",""-2024.613917"",""0.125378"",""0.965149"",""-0.229712"""
"""NODE"",""-424.602073"",""5.36765"",""-2024.715457"",""0.103164"",""0.969233"",""-0.223485"""
"""NODE"",""-424.118207"",""5.298043"",""-2024.820414"",""0.080567"",""0.9728"",""-0.217185"""
"""NODE"",""-423.633603"",""5.23984"",""-2024.928856"",""0.057809"",""0.975828"",""-0.210754"""
"""NODE"",""-423.148561"",""5.192986"",""-2025.040783"",""0.035253"",""0.978301"",""-0.204167"""
"""NODE"",""-422.663373"",""5.157422"",""-2025.15618"",""0.012848"",""0.980254"",""-0.197324"""
"""NODE"",""-422.178299"",""5.133126"",""-2025.274934"",""-0.009434"",""0.9817"",""-0.190201"""
"""NODE"",""-421.69359"",""5.120098"",""-2025.396898"",""-0.031617"",""0.982642"",""-0.1828"""
"""NODE"",""-421.209491"",""5.118348"",""-2025.521931"",""-0.053723"",""0.983079"",""-0.175126"""
"""NODE"",""-420.726248"",""5.127895"",""-2025.64989"",""-0.075764"",""0.983011"",""-0.167183"""
"""NODE"",""-420.244108"",""5.14876"",""-2025.780634"",""-0.097746"",""0.982432"",""-0.158976"""
"""NODE"",""-419.763317"",""5.180965"",""-2025.91402"",""-0.119666"",""0.981339"",""-0.150513"""
"""NODE"",""-419.284122"",""5.224528"",""-2026.0499"",""-0.141511"",""0.979727"",""-0.141806"""
"""NODE"",""-418.806769"",""5.279458"",""-2026.188124"",""-0.163248"",""0.977597"",""-0.132872"""
"""NODE"",""-418.331501"",""5.345715"",""-2026.328547"",""-0.184757"",""0.974962"",""-0.123749"""
"""NODE"",""-417.858557"",""5.423227"",""-2026.471039"",""-0.206049"",""0.971826"",""-0.114444"""
"""NODE"",""-417.388174"",""5.511929"",""-2026.615468"",""-0.227146"",""0.968188"",""-0.104958"""
"""NODE"",""-416.920589"",""5.611771"",""-2026.761703"",""-0.248063"",""0.964046"",""-0.095293"""
"""NODE"",""-416.45604"",""5.722707"",""-2026.909611"",""-0.268808"",""0.959395"",""-0.085456"""
"""NODE"",""-415.994762"",""5.844689"",""-2027.059052"",""-0.289369"",""0.954239"",""-0.075454"""
"""NODE"",""-415.536988"",""5.977663"",""-2027.209882"",""-0.309725"",""0.948581"",""-0.065305"""
"""NODE"",""-415.08294"",""6.121554"",""-2027.361946"",""-0.32983"",""0.942435"",""-0.055028"""
"""NODE"",""-414.632827"",""6.276266"",""-2027.515084"",""-0.349603"",""0.935833"",""-0.044658"""
"""NODE"",""-414.186838"",""6.441658"",""-2027.669124"",""-0.369044"",""0.928782"",""-0.034209"""
"""NODE"",""-413.74516"",""6.617575"",""-2027.823925"",""-0.388115"",""0.921306"",""-0.023697"""
"""NODE"",""-413.308"",""6.803904"",""-2027.979367"",""-0.406963"",""0.913351"",""-0.013084"""
"""NODE"",""-412.875585"",""7.000586"",""-2028.135326"",""-0.42566"",""0.90488"",""-0.002352"""
"""NODE"",""-412.448156"",""7.207583"",""-2028.291677"",""-0.444212"",""0.895881"",""0.008496"""
"""NODE"",""-412.025948"",""7.424848"",""-2028.448281"",""-0.462561"",""0.886375"",""0.019433"""
"""NODE"",""-411.609165"",""7.652273"",""-2028.604992"",""-0.480537"",""0.876447"",""0.030395"""
"""NODE"",""-411.197944"",""7.889643"",""-2028.76165"",""-0.49798"",""0.866204"",""0.041312"""
"""NODE"",""-410.792393"",""8.136709"",""-2028.918098"",""-0.515002"",""0.855597"",""0.052221"""
"""NODE"",""-410.392738"",""8.393412"",""-2029.074203"",""-0.531899"",""0.844445"",""0.063211"""
"""NODE"",""-409.999196"",""8.659664"",""-2029.229848"",""-0.548494"",""0.832854"",""0.074217"""
"""NODE"",""-409.611932"",""8.935291"",""-2029.384914"",""-0.564627"",""0.820939"",""0.085173"""
"""NODE"",""-409.231038"",""9.220034"",""-2029.539288"",""-0.580127"",""0.808848"",""0.096008"""
"""NODE"",""-408.856523"",""9.513533"",""-2029.692869"",""-0.594824"",""0.79675"",""0.10665"""
"""NODE"",""-408.488439"",""9.815513"",""-2029.845551"",""-0.609255"",""0.784254"",""0.117277"""
"""NODE"",""-408.12693"",""10.125801"",""-2029.997287"",""-0.623102"",""0.771633"",""0.127778"""
"""NODE"",""-407.771979"",""10.444029"",""-2030.148058"",""-0.636081"",""0.759176"",""0.138032"""
"""NODE"",""-407.423444"",""10.76972"",""-2030.297861"",""-0.648103"",""0.747035"",""0.147992"""
"""NODE"",""-407.081144"",""11.102394"",""-2030.446696"",""-0.659245"",""0.73521"",""0.157676"""
"""NODE"",""-406.744933"",""11.441649"",""-2030.594553"",""-0.669832"",""0.723442"",""0.1672"""
"""NODE"",""-406.414714"",""11.787146"",""-2030.741461"",""-0.679388"",""0.712268"",""0.176369"""
"""NODE"",""-406.090285"",""12.138441"",""-2030.887516"",""-0.68815"",""0.701517"",""0.185264"""
"""NODE"",""-405.77133"",""12.495005"",""-2031.03286"",""-0.695861"",""0.691541"",""0.193771"""
"""NODE"",""-405.457445"",""12.856272"",""-2031.177632"",""-0.702469"",""0.68249"",""0.201855"""
"""NODE"",""-405.148156"",""13.221656"",""-2031.321967"",""-0.707959"",""0.674468"",""0.209493"""
"""NODE"",""-404.842945"",""13.590574"",""-2031.465992"",""-0.712359"",""0.667528"",""0.216682"""
"""NODE"",""-404.541271"",""13.962466"",""-2031.609824"",""-0.715728"",""0.661674"",""0.223429"""
"""NODE"",""-404.242591"",""14.3368"",""-2031.753571"",""-0.718007"",""0.657044"",""0.229694"""
"""NODE"",""-403.946163"",""14.712882"",""-2031.897421"",""-0.718835"",""0.654147"",""0.235305"""
"""NODE"",""-403.651147"",""15.089946"",""-2032.0416"",""-0.718356"",""0.652853"",""0.240307"""
"""NODE"",""-403.356823"",""15.467346"",""-2032.186317"",""-0.716755"",""0.652957"",""0.244766"""
"""NODE"",""-403.062553"",""15.844501"",""-2032.331778"",""-0.714115"",""0.654359"",""0.248705"""
"""NODE"",""-402.767729"",""16.220851"",""-2032.4782"",""-0.710446"",""0.657042"",""0.252116"""
"""NODE"",""-402.471744"",""16.595817"",""-2032.625824"",""-0.705677"",""0.661073"",""0.254956"""
"""NODE"",""-402.173944"",""16.968752"",""-2032.774931"",""-0.699646"",""0.666615"",""0.257137"""
"""NODE"",""-401.87358"",""17.338884"",""-2032.92587"",""-0.69211"",""0.673898"",""0.258543"""
"""NODE"",""-401.56983"",""17.705319"",""-2033.07903"",""-0.683085"",""0.682817"",""0.259143"""
"""NODE"",""-401.262187"",""18.067466"",""-2033.2346"",""-0.673242"",""0.692483"",""0.259252"""
"""NODE"",""-400.950284"",""18.424831"",""-2033.392718"",""-0.662452"",""0.702982"",""0.258791"""
"""NODE"",""-400.6337"",""18.776837"",""-2033.553534"",""-0.650564"",""0.7144"",""0.25768"""
"""NODE"",""-400.311981"",""19.122822"",""-2033.717193"",""-0.637444"",""0.726779"",""0.255846"""
"""NODE"",""-399.984654"",""19.462061"",""-2033.883825"",""-0.623012"",""0.740085"",""0.253241"""
"""NODE"",""-399.651277"",""19.79381"",""-2034.053512"",""-0.607196"",""0.754258"",""0.249817"""
"""NODE"",""-399.31149"",""20.117374"",""-2034.226258"",""-0.590491"",""0.768695"",""0.245821"""
"""NODE"",""-398.965107"",""20.432179"",""-2034.402058"",""-0.572709"",""0.78349"",""0.24114"""
"""NODE"",""-398.612"",""20.737667"",""-2034.580889"",""-0.553993"",""0.798418"",""0.235841"""
"""NODE"",""-398.252091"",""21.033298"",""-2034.762698"",""-0.534377"",""0.81337"",""0.229935"""
"""NODE"",""-397.885352"",""21.318555"",""-2034.947403"",""-0.513923"",""0.828223"",""0.223448"""
"""NODE"",""-397.511809"",""21.592964"",""-2035.134888"",""-0.492729"",""0.84284"",""0.216422"""
"""NODE"",""-397.131528"",""21.856051"",""-2035.325035"",""-0.470606"",""0.857291"",""0.208763"""
"""NODE"",""-396.744569"",""22.107246"",""-2035.517772"",""-0.447582"",""0.87148"",""0.200479"""
"""NODE"",""-396.35107"",""22.346047"",""-2035.713004"",""-0.42382"",""0.885241"",""0.191639"""
"""NODE"",""-395.95124"",""22.57204"",""-2035.910604"",""-0.399444"",""0.89845"",""0.182295"""
"""NODE"",""-395.545331"",""22.784855"",""-2036.110428"",""-0.374506"",""0.911044"",""0.172465"""
"""NODE"",""-395.133613"",""22.984121"",""-2036.312325"",""-0.348907"",""0.923033"",""0.162093"""
"""NODE"",""-394.716346"",""23.169352"",""-2036.516183"",""-0.322437"",""0.934458"",""0.151073"""
"""NODE"",""-394.293829"",""23.340028"",""-2036.721921"",""-0.295251"",""0.945186"",""0.139462"""
"""NODE"",""-393.866433"",""23.495765"",""-2036.929422"",""-0.267561"",""0.955088"",""0.12735"""
"""NODE"",""-393.434568"",""23.636249"",""-2037.138552"",""-0.239412"",""0.964114"",""0.114745"""
"""NODE"",""-392.998652"",""23.761142"",""-2037.349163"",""-0.210679"",""0.972264"",""0.101571"""
"""NODE"",""-392.559058"",""23.86999"",""-2037.561028"",""-0.181255"",""0.979518"",""0.087695"""
"""NODE"",""-392.116151"",""23.962402"",""-2037.773796"",""-0.151658"",""0.985719"",""0.0732"""
"""NODE"",""-391.670371"",""24.038367"",""-2037.987073"",""-0.122295"",""0.990791"",""0.058118"""
"""NODE"",""-391.222141"",""24.097741"",""-2038.200474"",""-0.092883"",""0.994785"",""0.042144"""
"""NODE"",""-390.771881"",""24.140272"",""-2038.413622"",""-0.06339"",""0.997673"",""0.025094"""
"""NODE"",""-390.320034"",""24.165724"",""-2038.626134"",""-0.034018"",""0.999397"",""0.006895"""
"""NODE"",""-389.867071"",""24.17402"",""-2038.837633"",""-0.005284"",""0.99991"",""-0.012371"""
"""NODE"",""-389.413449"",""24.165221"",""-2039.047695"",""0.023042"",""0.99919"",""-0.03298"""
"""NODE"",""-388.959598"",""24.139268"",""-2039.255832"",""0.050792"",""0.997193"",""-0.055017"""
"""NODE"",""-388.505945"",""24.096176"",""-2039.461541"",""0.077758"",""0.993874"",""-0.078537"""
"""NODE"",""-388.052909"",""24.036093"",""-2039.664328"",""0.103671"",""0.989206"",""-0.103557"""
"""NODE"",""-387.600891"",""23.959288"",""-2039.86372"",""0.128227"",""0.983178"",""-0.130076"""
"""NODE"",""-387.150252"",""23.866155"",""-2040.05924"",""0.151379"",""0.975735"",""-0.158197"""
"""NODE"",""-386.70131"",""23.757148"",""-2040.250411"",""0.172807"",""0.966866"",""-0.187906"""
"""NODE"",""-386.254392"",""23.632761"",""-2040.436879"",""0.192509"",""0.9565"",""-0.219197"""
"""NODE"",""-385.809896"",""23.493497"",""-2040.618561"",""0.210421"",""0.944615"",""-0.251843"""
"""NODE"",""-385.368191"",""23.339895"",""-2040.795434"",""0.22645"",""0.931217"",""-0.28558"""
"""NODE"",""-384.929591"",""23.172543"",""-2040.9675"",""0.240615"",""0.916292"",""-0.320176"""
"""NODE"",""-384.494417"",""22.992074"",""-2041.134945"",""0.252475"",""0.900049"",""-0.355201"""
"""NODE"",""-384.062931"",""22.799215"",""-2041.298072"",""0.26198"",""0.882597"",""-0.39037"""
"""NODE"",""-383.635324"",""22.594767"",""-2041.457256"",""0.268999"",""0.864106"",""-0.425394"""
"""NODE"",""-383.211723"",""22.379506"",""-2041.612863"",""0.273603"",""0.844662"",""-0.460094"""
"""NODE"",""-382.792236"",""22.154118"",""-2041.765247"",""0.275927"",""0.82431"",""-0.494345"""
"""NODE"",""-382.376984"",""21.919191"",""-2041.914798"",""0.275935"",""0.803258"",""-0.527861"""
"""NODE"",""-381.96611"",""21.675508"",""-2042.062428"",""0.272722"",""0.782359"",""-0.559944"""
"""NODE"",""-381.559627"",""21.42402"",""-2042.209121"",""0.266545"",""0.761728"",""-0.590528"""
"""NODE"",""-381.157579"",""21.165504"",""-2042.355823"",""0.257622"",""0.741475"",""-0.619552"""
"""NODE"",""-380.760042"",""20.900624"",""-2042.503463"",""0.246117"",""0.721746"",""-0.646922"""
"""NODE"",""-380.367108"",""20.629977"",""-2042.652958"",""0.232157"",""0.70272"",""-0.672523"""
"""NODE"",""-379.978894"",""20.354123"",""-2042.805238"",""0.215743"",""0.684707"",""-0.696154"""
"""NODE"",""-379.595547"",""20.073701"",""-2042.961455"",""0.196629"",""0.668276"",""-0.717457"""
"""NODE"",""-379.217192"",""19.789478"",""-2043.122883"",""0.174896"",""0.653698"",""-0.736268"""
"""NODE"",""-378.843963"",""19.502223"",""-2043.290746"",""0.150737"",""0.641109"",""-0.752501"""
"""NODE"",""-378.476031"",""19.212703"",""-2043.466233"",""0.124346"",""0.630628"",""-0.766059"""
"""NODE"",""-378.113604"",""18.921699"",""-2043.650496"",""0.095917"",""0.622351"",""-0.776839"""
"""NODE"",""-377.75693"",""18.63002"",""-2043.844646"",""0.065682"",""0.616297"",""-0.78477"""
"""NODE"",""-377.406284"",""18.338467"",""-2044.04966"",""0.034072"",""0.612271"",""-0.789913"""
"""NODE"",""-377.061965"",""18.047747"",""-2044.266249"",""0.001517"",""0.60999"",""-0.792408"""
"""NODE"",""-376.724297"",""17.758542"",""-2044.494997"",""-0.031706"",""0.609376"",""-0.792247"""
"""NODE"",""-376.393624"",""17.471557"",""-2044.736401"",""-0.065385"",""0.610379"",""-0.789407"""
"""NODE"",""-376.070335"",""17.187513"",""-2044.990923"",""-0.099371"",""0.613015"",""-0.783797"""
"""NODE"",""-375.754891"",""16.907189"",""-2045.259045"",""-0.133569"",""0.617349"",""-0.775267"""
"""NODE"",""-375.447808"",""16.631464"",""-2045.541272"",""-0.167717"",""0.62325"",""-0.763827"""
"""NODE"",""-375.149354"",""16.3611"",""-2045.837591"",""-0.200992"",""0.629696"",""-0.75039"""
"""NODE"",""-374.859849"",""16.096538"",""-2046.1477"",""-0.233364"",""0.63668"",""-0.73497"""
"""NODE"",""-374.579724"",""15.838304"",""-2046.471454"",""-0.264946"",""0.644333"",""-0.717383"""
"""NODE"",""-374.309436"",""15.587019"",""-2046.808753"",""-0.295719"",""0.652618"",""-0.697596"""
"""NODE"",""-374.049393"",""15.343333"",""-2047.159421"",""-0.325489"",""0.661287"",""-0.675838"""
"""NODE"",""-373.799851"",""15.107814"",""-2047.523059"",""-0.354007"",""0.669972"",""-0.652546"""
"""NODE"",""-373.561123"",""14.880891"",""-2047.899204"",""-0.38132"",""0.678737"",""-0.627623"""
"""NODE"",""-373.333591"",""14.662975"",""-2048.287419"",""-0.407281"",""0.687374"",""-0.601365"""
"""NODE"",""-373.117521"",""14.454352"",""-2048.687119"",""-0.43174"",""0.695671"",""-0.574145"""
"""NODE"",""-372.913075"",""14.255192"",""-2049.097618"",""-0.454612"",""0.703503"",""-0.546271"""
"""NODE"",""-372.720341"",""14.065584"",""-2049.518187"",""-0.475902"",""0.710841"",""-0.517902"""
"""NODE"",""-372.539429"",""13.885598"",""-2049.948128"",""-0.495711"",""0.717791"",""-0.488924"""
"""NODE"",""-372.370609"",""13.715388"",""-2050.386877"",""-0.514128"",""0.724453"",""-0.459173"""
"""NODE"",""-372.21407"",""13.555066"",""-2050.833828"",""-0.531088"",""0.730711"",""-0.428961"""
"""NODE"",""-372.069911"",""13.404663"",""-2051.288329"",""-0.546573"",""0.736509"",""-0.398513"""
"""NODE"",""-371.938162"",""13.264161"",""-2051.749716"",""-0.560604"",""0.741839"",""-0.367966"""
"""NODE"",""-371.818827"",""13.133519"",""-2052.217338"",""-0.573243"",""0.746747"",""-0.337286"""
"""NODE"",""-371.711936"",""13.012731"",""-2052.690582"",""-0.584542"",""0.751259"",""-0.306465"""
"""NODE"",""-371.617648"",""12.901875"",""-2053.168908"",""-0.594586"",""0.755476"",""-0.27518"""
"""NODE"",""-371.536062"",""12.80101"",""-2053.65176"",""-0.603353"",""0.759317"",""-0.243726"""
"""NODE"",""-371.4672"",""12.710134"",""-2054.138563"",""-0.610859"",""0.76276"",""-0.212245"""
"""NODE"",""-371.411051"",""12.629225"",""-2054.628747"",""-0.617136"",""0.765806"",""-0.18079"""
"""NODE"",""-371.367596"",""12.55826"",""-2055.121752"",""-0.622223"",""0.768465"",""-0.149334"""
"""NODE"",""-371.33684"",""12.497251"",""-2055.617038"",""-0.626153"",""0.770754"",""-0.117776"""
"""NODE"",""-371.318803"",""12.44623"",""-2056.114078"",""-0.628946"",""0.772642"",""-0.086317"""
"""NODE"",""-371.313332"",""12.405103"",""-2056.612332"",""-0.630645"",""0.774097"",""-0.055326"""
"""NODE"",""-371.320233"",""12.373736"",""-2057.111281"",""-0.631297"",""0.775148"",""-0.024697"""
"""NODE"",""-371.339382"",""12.352057"",""-2057.610424"",""-0.63094"",""0.77581"",""0.005719"""
"""NODE"",""-371.370701"",""12.340034"",""-2058.109277"",""-0.629602"",""0.776083"",""0.036001"""
"""NODE"",""-371.414131"",""12.337655"",""-2058.60736"",""-0.627305"",""0.775957"",""0.066169"""
"""NODE"",""-371.469614"",""12.344903"",""-2059.104199"",""-0.624078"",""0.77542"",""0.096181"""
"""NODE"",""-371.537065"",""12.361741"",""-2059.599322"",""-0.619936"",""0.77446"",""0.126059"""
"""NODE"",""-371.616327"",""12.388074"",""-2060.092279"",""-0.61501"",""0.773098"",""0.155184"""
"""NODE"",""-371.707153"",""12.423766"",""-2060.582644"",""-0.609289"",""0.771324"",""0.183919"""
"""NODE"",""-371.809337"",""12.468716"",""-2061.070003"",""-0.602808"",""0.769134"",""0.21226"""
"""NODE"",""-371.922715"",""12.52286"",""-2061.553939"",""-0.59558"",""0.766512"",""0.2403"""
"""NODE"",""-372.047148"",""12.586157"",""-2062.034035"",""-0.587621"",""0.763438"",""0.268075"""
"""NODE"",""-372.182504"",""12.658567"",""-2062.50987"",""-0.578955"",""0.759899"",""0.295575"""
"""NODE"",""-372.328638"",""12.74004"",""-2062.981026"",""-0.569663"",""0.755916"",""0.322608"""
"""NODE"",""-372.485366"",""12.830499"",""-2063.447111"",""-0.559642"",""0.75139"",""0.349591"""
"""NODE"",""-372.652563"",""12.929921"",""-2063.907698"",""-0.549006"",""0.746367"",""0.376204"""
"""NODE"",""-372.8301"",""13.038269"",""-2064.362366"",""-0.537716"",""0.740818"",""0.402554"""
"""NODE"",""-373.017833"",""13.155486"",""-2064.810694"",""-0.525789"",""0.734743"",""0.428601"""
"""NODE"",""-373.215617"",""13.281514"",""-2065.252261"",""-0.513218"",""0.728127"",""0.454355"""
"""NODE"",""-373.423315"",""13.416305"",""-2065.686627"",""-0.499972"",""0.72094"",""0.479868"""
"""NODE"",""-373.640816"",""13.559833"",""-2066.113327"",""-0.485981"",""0.713124"",""0.505248"""
"""NODE"",""-373.868039"",""13.7121"",""-2066.531852"",""-0.471264"",""0.704685"",""0.530405"""
"""NODE"",""-374.104858"",""13.873065"",""-2066.941713"",""-0.455825"",""0.69561"",""0.555294"""
"""NODE"",""-374.351119"",""14.042664"",""-2067.342427"",""-0.439666"",""0.685896"",""0.579862"""
"""NODE"",""-374.606666"",""14.220835"",""-2067.733491"",""-0.422766"",""0.675505"",""0.604121"""
"""NODE"",""-374.871348"",""14.40752"",""-2068.114373"",""-0.40508"",""0.6644"",""0.628079"""
"""NODE"",""-375.145012"",""14.602663"",""-2068.484512"",""-0.386563"",""0.652535"",""0.651742"""
"""NODE"",""-375.427509"",""14.806213"",""-2068.843313"",""-0.367191"",""0.639876"",""0.675077"""
"""NODE"",""-375.718674"",""15.018111"",""-2069.190152"",""-0.346897"",""0.626363"",""0.698091"""
"""NODE"",""-376.018268"",""15.23823"",""-2069.524469"",""-0.325905"",""0.612158"",""0.72045"""
"""NODE"",""-376.326001"",""15.466411"",""-2069.845731"",""-0.304125"",""0.597171"",""0.742223"""
"""NODE"",""-376.641603"",""15.702517"",""-2070.153341"",""-0.281472"",""0.581328"",""0.763434"""
"""NODE"",""-376.964801"",""15.946411"",""-2070.446649"",""-0.25789"",""0.56457"",""0.784062"""
"""NODE"",""-377.295303"",""16.197944"",""-2070.724983"",""-0.233365"",""0.546872"",""0.804035"""
"""NODE"",""-377.632778"",""16.456935"",""-2070.987668"",""-0.207923"",""0.52824"",""0.823244"""
"""NODE"",""-377.97685"",""16.723161"",""-2071.234061"",""-0.181606"",""0.50869"",""0.841578"""
"""NODE"",""-378.32713"",""16.99638"",""-2071.463464"",""-0.154305"",""0.488118"",""0.859029"""
"""NODE"",""-378.683198"",""17.276313"",""-2071.675168"",""-0.126122"",""0.466595"",""0.875433"""
"""NODE"",""-379.044576"",""17.562621"",""-2071.868552"",""-0.097169"",""0.444197"",""0.890644"""
"""NODE"",""-379.410739"",""17.854922"",""-2072.043047"",""-0.067491"",""0.420946"",""0.904571"""
"""NODE"",""-379.781135"",""18.152811"",""-2072.198081"",""-0.037054"",""0.396804"",""0.917155"""
"""NODE"",""-380.155182"",""18.455865"",""-2072.333028"",""-0.005753"",""0.371671"",""0.928347"""
"""NODE"",""-380.532278"",""18.763649"",""-2072.44716"",""0.0265"",""0.345455"",""0.938061"""
"""NODE"",""-380.91177"",""19.075658"",""-2072.539856"",""0.059254"",""0.318517"",""0.946063"""
"""NODE"",""-381.292958"",""19.391288"",""-2072.610808"",""0.092246"",""0.291071"",""0.952244"""
"""NODE"",""-381.67512"",""19.709908"",""-2072.659751"",""0.125465"",""0.263118"",""0.956571"""
"""NODE"",""-382.057518"",""20.030872"",""-2072.686414"",""0.158922"",""0.234644"",""0.959003"""
"""NODE"",""-382.4394"",""20.353522"",""-2072.690519"",""0.192637"",""0.20563"",""0.959483"""
"""NODE"",""-382.819991"",""20.677178"",""-2072.671775"",""0.226632"",""0.17605"",""0.957938"""
"""NODE"",""-383.198487"",""21.00113"",""-2072.629875"",""0.26121"",""0.145638"",""0.954232"""
"""NODE"",""-383.574036"",""21.324628"",""-2072.564567"",""0.295024"",""0.115537"",""0.948479"""
"""NODE"",""-383.945863"",""21.646902"",""-2072.476065"",""0.328623"",""0.085284"",""0.940603"""
"""NODE"",""-384.313214"",""21.967187"",""-2072.364573"",""0.361773"",""0.055085"",""0.930637"""
"""NODE"",""-384.675302"",""22.284673"",""-2072.230229"",""0.394553"",""0.024877"",""0.918536"""
"""NODE"",""-385.031347"",""22.598539"",""-2072.073172"",""0.426895"",""-0.005273"",""0.904286"""
"""NODE"",""-385.380597"",""22.907966"",""-2071.893631"",""0.458575"",""-0.035164"",""0.88796"""
"""NODE"",""-385.722347"",""23.212139"",""-2071.692033"",""0.489348"",""-0.064565"",""0.869695"""
"""NODE"",""-386.055909"",""23.510229"",""-2071.468813"",""0.519525"",""-0.09373"",""0.849299"""
"""NODE"",""-386.380575"",""23.801388"",""-2071.224341"",""0.548836"",""-0.122413"",""0.826918"""
"""NODE"",""-386.695696"",""24.084803"",""-2070.959138"",""0.577122"",""-0.150456"",""0.802679"""
"""NODE"",""-387.000675"",""24.359693"",""-2070.673874"",""0.604254"",""-0.177726"",""0.776718"""
"""NODE"",""-387.294973"",""24.625322"",""-2070.369279"",""0.630146"",""-0.204134"",""0.749163"""
"""NODE"",""-387.578082"",""24.880972"",""-2070.046102"",""0.654902"",""-0.229752"",""0.719943"""
"""NODE"",""-387.849504"",""25.125959"",""-2069.70512"",""0.678386"",""-0.254427"",""0.689245"""
"""NODE"",""-388.108747"",""25.359599"",""-2069.347126"",""0.700659"",""-0.278217"",""0.657018"""
"""NODE"",""-388.355332"",""25.581226"",""-2068.972924"",""0.721662"",""-0.301048"",""0.623357"""
"""NODE"",""-388.588844"",""25.790245"",""-2068.583395"",""0.741252"",""-0.322781"",""0.588522"""
"""NODE"",""-388.808992"",""25.986183"",""-2068.179539"",""0.759473"",""-0.343434"",""0.552497"""
"""NODE"",""-389.015567"",""26.168652"",""-2067.762417"",""0.775903"",""-0.362671"",""0.516183"""
"""NODE"",""-389.208205"",""26.337112"",""-2067.332926"",""0.791066"",""-0.381072"",""0.478539"""
"""NODE"",""-389.386665"",""26.491413"",""-2066.892133"",""0.804438"",""-0.398437"",""0.4406"""
"""NODE"",""-389.550871"",""26.631644"",""-2066.441205"",""0.815865"",""-0.414924"",""0.402744"""
"""NODE"",""-389.700815"",""26.758037"",""-2065.981311"",""0.825318"",""-0.430806"",""0.365044"""
"""NODE"",""-389.836448"",""26.870823"",""-2065.513506"",""0.832831"",""-0.446387"",""0.327309"""
"""NODE"",""-389.957649"",""26.970195"",""-2065.038742"",""0.838275"",""-0.461896"",""0.289736"""
"""NODE"",""-390.064594"",""27.056499"",""-2064.558028"",""0.841399"",""-0.47747"",""0.25312"""
"""NODE"",""-390.157749"",""27.13022"",""-2064.072378"",""0.842136"",""-0.493411"",""0.217605"""
"""NODE"",""-390.23752"",""27.191819"",""-2063.582672"",""0.840454"",""-0.510028"",""0.183054"""
"""NODE"",""-390.30425"",""27.241749"",""-2063.089691"",""0.836273"",""-0.527591"",""0.149316"""
"""NODE"",""-390.358221"",""27.280444"",""-2062.594143"",""0.82946"",""-0.546339"",""0.116228"""
"""NODE"",""-390.399647"",""27.308307"",""-2062.096665"",""0.819834"",""-0.566458"",""0.083646"""
"""NODE"",""-390.428664"",""27.325697"",""-2061.597834"",""0.80716"",""-0.588086"",""0.051453"""
"""LINK"",""-390.445361"",""27.333223"",""-2061.09819"""
